collectedAt,content.pricingModel,content.productName,content.startupName,recordType,schemaVersion,source.name,source.url
2026-08-12T11:58:36.003971+00:00,FREE,Scrip Ai,Scripai,PRODUCT,1.0,AI Tools List,https://scripai.com
2026-08-12T11:58:36.004017+00:00,FREEMIUM,Quickads,Quickads,PRODUCT,1.0,AI Tools List,https://www.quickads.ai/
2026-08-12T11:58:36.004028+00:00,FREEMIUM,Wonderchat,Wonderchat,PRODUCT,1.0,AI Tools List,https://wonderchat.io
2026-08-12T11:58:36.004039+00:00,FREEMIUM,Creatosaurus,Creatosaurus,PRODUCT,1.0,AI Tools List,https://www.creatosaurus.io
2026-08-12T11:58:36.004047+00:00,FREEMIUM,Blobr,Blobr,PRODUCT,1.0,AI Tools List,https://blobr.io
2026-08-12T11:58:36.004058+00:00,FREEMIUM,Pencil,Trypencil,PRODUCT,1.0,AI Tools List,https://trypencil.com
2026-08-12T11:58:36.004066+00:00,FREE,Freeadcopy Com,Freeadcopy,PRODUCT,1.0,AI Tools List,https://freeadcopy.com
2026-08-12T11:58:36.004075+00:00,FREEMIUM,Marpipe Com,Marpipe,PRODUCT,1.0,AI Tools List,https://www.marpipe.com/schedule-ec
2026-08-12T11:58:36.004084+00:00,FREEMIUM,Omneky,Omneky,PRODUCT,1.0,AI Tools List,https://www.omneky.com
2026-08-12T11:58:36.004092+00:00,FREEMIUM,Kilo Ai,Kilocode,PRODUCT,1.0,AI Tools List,https://kilocode.ai
2026-08-12T11:58:36.004101+00:00,FREEMIUM,30Characters,30Chars,PRODUCT,1.0,AI Tools List,https://30chars.com
2026-08-12T11:58:36.004111+00:00,FREEMIUM,Adbot Your Search Ads Specialist,Myadbot,PRODUCT,1.0,AI Tools List,https://myadbot.com
2026-08-12T11:58:36.004119+00:00,FREEMIUM,Copycop,Copycopai,PRODUCT,1.0,AI Tools List,https://copycopai.com
2026-08-12T11:58:36.004128+00:00,FREEMIUM,Adinspiration,Adinspiration,PRODUCT,1.0,AI Tools List,https://adinspiration.com
2026-08-12T11:58:36.004135+00:00,FREEMIUM,Engagexai,Engagexai,PRODUCT,1.0,AI Tools List,https://engagexai.com/
2026-08-12T11:58:36.004158+00:00,FREEMIUM,Ai Suggests,Ai-Suggests,PRODUCT,1.0,AI Tools List,https://ai-suggests.com/
2026-08-12T11:58:36.004167+00:00,FREEMIUM,Adcopy Ai,Adcopy,PRODUCT,1.0,AI Tools List,https://adcopy.ai
2026-08-12T11:58:36.004175+00:00,FREEMIUM,Creative Score,Creativescore,PRODUCT,1.0,AI Tools List,https://creativescore.ai
2026-08-12T11:58:36.004186+00:00,FREEMIUM,Write Conch Ai,Writeconch,PRODUCT,1.0,AI Tools List,https://www.writeconch.ai
2026-08-12T11:58:36.004194+00:00,FREEMIUM,Copyflow Pro,Copyflowpro,PRODUCT,1.0,AI Tools List,https://www.copyflowpro.com
2026-08-12T11:58:36.004202+00:00,FREEMIUM,Ogilvy,Ogilvyapp,PRODUCT,1.0,AI Tools List,https://ogilvyapp.com
2026-08-12T11:58:36.004210+00:00,FREEMIUM,Salesboosta Com,Salesboosta,PRODUCT,1.0,AI Tools List,https://salesboosta.com
2026-08-12T11:58:36.004218+00:00,FREEMIUM,Ezra Ads,Heyezra,PRODUCT,1.0,AI Tools List,https://www.heyezra.co
2026-08-12T11:58:36.004225+00:00,FREEMIUM,Ecomadpro,Ecomadpro,PRODUCT,1.0,AI Tools List,https://Ecomadpro.com
2026-08-12T11:58:36.004233+00:00,FREEMIUM,Pixcanva,Pixcanva,PRODUCT,1.0,AI Tools List,https://www.pixcanva.com
2026-08-12T11:58:36.004241+00:00,FREEMIUM,Copywritergpt Io,Copywritergpt,PRODUCT,1.0,AI Tools List,https://www.copywritergpt.io
2026-08-12T11:58:36.004251+00:00,FREEMIUM,Azameo Fr,Azameo,PRODUCT,1.0,AI Tools List,https://azameo.fr
2026-08-12T11:58:36.004259+00:00,FREEMIUM,Wordcopyai,Wordcopyai,PRODUCT,1.0,AI Tools List,https://www.wordcopyai.com
2026-08-12T11:58:36.004268+00:00,FREEMIUM,Adgeneratorpro,Adgenerator,PRODUCT,1.0,AI Tools List,https://adgenerator.pro
2026-08-12T11:58:36.004279+00:00,FREEMIUM,Macbeth Ai,Macbeth,PRODUCT,1.0,AI Tools List,https://macbeth.ai/
2026-08-12T11:58:36.004287+00:00,PAID,Adcopy,Adcopy,PRODUCT,1.0,AI Tools List,https://www.adcopy.online
2026-08-12T11:58:36.004296+00:00,FREEMIUM,Isavantai,Isavant,PRODUCT,1.0,AI Tools List,https://isavant.ai/
2026-08-12T11:58:36.004304+00:00,FREEMIUM,Write Like A Pro,Aicopymastery,PRODUCT,1.0,AI Tools List,https://aicopymastery.com
2026-08-12T11:58:36.004312+00:00,FREEMIUM,Unbound,Unboundcontent,PRODUCT,1.0,AI Tools List,http://unboundcontent.ai/
2026-08-12T11:58:36.004322+00:00,FREEMIUM,Powered By Agency,Poweredby,PRODUCT,1.0,AI Tools List,https://poweredby.agency
2026-08-12T11:58:36.004328+00:00,FREEMIUM,Luma Ai,Lumalabs,PRODUCT,1.0,AI Tools List,https://lumalabs.ai
2026-08-12T11:58:36.004336+00:00,FREEMIUM,Planner 5D,Planner5D,PRODUCT,1.0,AI Tools List,https://planner5d.com/ai
2026-08-12T11:58:36.004348+00:00,FREEMIUM,Tripo Ai,Tripo3D,PRODUCT,1.0,AI Tools List,https://www.tripo3d.ai
2026-08-12T11:58:36.004356+00:00,FREEMIUM,Meshy,App,PRODUCT,1.0,AI Tools List,https://app.meshy.ai
2026-08-12T11:58:36.004364+00:00,FREEMIUM,Iconscout,Iconscout,PRODUCT,1.0,AI Tools List,https://iconscout.com
2026-08-12T11:58:36.004372+00:00,FREEMIUM,Stable Diffusion,Stability,PRODUCT,1.0,AI Tools List,https://stability.ai
2026-08-12T11:58:36.004379+00:00,FREEMIUM,Rodin,Hyper3D,PRODUCT,1.0,AI Tools List,https://hyper3d.ai
2026-08-12T11:58:36.004387+00:00,FREE,Spline,Spline,PRODUCT,1.0,AI Tools List,http://spline.design
2026-08-12T11:58:36.004396+00:00,FREEMIUM,Canny Autopilot,Canny,PRODUCT,1.0,AI Tools List,https://canny.io/features/autopilot
2026-08-12T11:58:36.004403+00:00,FREEMIUM,Runcomfy,Runcomfy,PRODUCT,1.0,AI Tools List,https://www.runcomfy.com
2026-08-12T11:58:36.004410+00:00,FREE,Cgdream Ai,Cgdream,PRODUCT,1.0,AI Tools List,https://cgdream.ai
2026-08-12T11:58:36.004417+00:00,FREEMIUM,Vizcom,Vizcom,PRODUCT,1.0,AI Tools List,https://www.vizcom.ai
2026-08-12T11:58:36.004426+00:00,FREEMIUM,Pixcap 3D Illustration Pack,Pixcap,PRODUCT,1.0,AI Tools List,https://pixcap.com
2026-08-12T11:58:36.004438+00:00,FREEMIUM,3D Ai Studio,3Daistudio,PRODUCT,1.0,AI Tools List,https://3daistudio.lemonsqueezy.com
2026-08-12T11:58:36.004446+00:00,FREEMIUM,Customuse Com,Customuse,PRODUCT,1.0,AI Tools List,https://customuse.com
2026-08-12T11:58:36.004454+00:00,FREEMIUM,Rosebud,Rosebud,PRODUCT,1.0,AI Tools List,https://www.rosebud.ai
2026-08-12T11:58:36.004462+00:00,FREEMIUM,Pageon Ai,Pageon,PRODUCT,1.0,AI Tools List,https://www.pageon.ai
2026-08-12T11:58:36.004470+00:00,FREEMIUM,Alpha3D Io,Alpha3D,PRODUCT,1.0,AI Tools List,https://alpha3d.io
2026-08-12T11:58:36.004478+00:00,FREEMIUM,Sloyd,Sloyd,PRODUCT,1.0,AI Tools List,https://www.sloyd.ai
2026-08-12T11:58:36.004486+00:00,FREEMIUM,Csm,Csm,PRODUCT,1.0,AI Tools List,https://csm.ai
2026-08-12T11:58:36.004493+00:00,FREEMIUM,Avaturn Me,Avaturn,PRODUCT,1.0,AI Tools List,https://avaturn.me
2026-08-12T11:58:36.004503+00:00,FREEMIUM,Kaedim,Kaedim3D,PRODUCT,1.0,AI Tools List,https://www.kaedim3d.com
2026-08-12T11:58:36.004510+00:00,FREEMIUM,Modelslab Ai,Modelslab,PRODUCT,1.0,AI Tools List,https://modelslab.com
2026-08-12T11:58:36.004519+00:00,FREEMIUM,Ludo Ai,Ludo,PRODUCT,1.0,AI Tools List,https://ludo.ai
2026-08-12T11:58:36.004527+00:00,FREEMIUM,Opus,Opus,PRODUCT,1.0,AI Tools List,https://opus.ai
2026-08-12T11:58:36.004534+00:00,FREEMIUM,Backflip Ai,Backflip,PRODUCT,1.0,AI Tools List,https://backflip.ai
2026-08-12T11:58:36.004542+00:00,FREEMIUM,Aihouse Com,Aihouse,PRODUCT,1.0,AI Tools List,https://aihouse.com
2026-08-12T11:58:36.004549+00:00,FREEMIUM,Aihouse,Aihouse,PRODUCT,1.0,AI Tools List,https://www.aihouse.com
2026-08-12T11:58:36.004557+00:00,FREEMIUM,Mappedin Com,Mappedin,PRODUCT,1.0,AI Tools List,https://mappedin.com
2026-08-12T11:58:36.004564+00:00,FREEMIUM,Leiapix Ai,Leiapix-Ai,PRODUCT,1.0,AI Tools List,https://leiapix-ai.com
2026-08-12T11:58:36.004572+00:00,FREEMIUM,Synthesis Ai,Synthesis,PRODUCT,1.0,AI Tools List,https://synthesis.ai
2026-08-12T11:58:36.004580+00:00,FREEMIUM,Getfloorplan,Getfloorplan,PRODUCT,1.0,AI Tools List,https://getfloorplan.com
2026-08-12T11:58:36.004588+00:00,FREEMIUM,Arcadium,Arcadium3D,PRODUCT,1.0,AI Tools List,https://arcadium3D.com
2026-08-12T11:58:36.004596+00:00,FREEMIUM,Avatar One,Avatar,PRODUCT,1.0,AI Tools List,https://www.avatar.one/
2026-08-12T11:58:36.004605+00:00,FREEMIUM,Seapik Ai,Seapik,PRODUCT,1.0,AI Tools List,https://seapik.com
2026-08-12T11:58:36.004613+00:00,FREEMIUM,Radical,Radicalmotion,PRODUCT,1.0,AI Tools List,https://www.radicalmotion.com
2026-08-12T11:58:36.004621+00:00,FREEMIUM,Masterpiece X Generate,Masterpiecex,PRODUCT,1.0,AI Tools List,https://www.masterpiecex.com
2026-08-12T11:58:36.004628+00:00,FREEMIUM,Styldod,Styldod,PRODUCT,1.0,AI Tools List,https://styldod.refr.cc/toolify
2026-08-12T11:58:36.004635+00:00,FREEMIUM,Photogenius Ai,Photogenius,PRODUCT,1.0,AI Tools List,https://photogenius.ai
2026-08-12T11:58:36.004643+00:00,FREEMIUM,Scout By Asseter Ai,Scout,PRODUCT,1.0,AI Tools List,https://scout.asseter.ai/
2026-08-12T11:58:36.004651+00:00,FREEMIUM,Ai Face Studio,Aiface,PRODUCT,1.0,AI Tools List,https://aiface.studio
2026-08-12T11:58:36.004680+00:00,FREE,Trellis 3D Ai,Trellis3D,PRODUCT,1.0,AI Tools List,https://trellis3d.co
2026-08-12T11:58:36.004690+00:00,FREEMIUM,3Daily,3Daily,PRODUCT,1.0,AI Tools List,https://3daily.ai
2026-08-12T11:58:36.004698+00:00,FREEMIUM,Charmed Ai Texture Generator,Charmed,PRODUCT,1.0,AI Tools List,https://charmed.ai
2026-08-12T11:58:36.004708+00:00,FREEMIUM,Masterpiece Studio,Masterpiecestudio,PRODUCT,1.0,AI Tools List,https://masterpiecestudio.com
2026-08-12T11:58:36.004717+00:00,FREEMIUM,Laprompt,Laprompt,PRODUCT,1.0,AI Tools List,https://laprompt.com
2026-08-12T11:58:36.004725+00:00,FREEMIUM,3Dlogoai,3Dlogoai,PRODUCT,1.0,AI Tools List,https://www.3dlogoai.com
2026-08-12T11:58:36.004732+00:00,FREEMIUM,Blueberry Ai,Blueberry-Ai,PRODUCT,1.0,AI Tools List,https://www.blueberry-ai.com
2026-08-12T11:58:36.004740+00:00,FREEMIUM,Genie 2,Playgenieai,PRODUCT,1.0,AI Tools List,https://playgenieai.com
2026-08-12T11:58:36.004747+00:00,FREEMIUM,Brickcenter,Brickcenter,PRODUCT,1.0,AI Tools List,https://www.brickcenter.net
2026-08-12T11:58:36.004755+00:00,FREEMIUM,Magiscan Ai 3D Scanner App,Magiscan,PRODUCT,1.0,AI Tools List,https://magiscan.app
2026-08-12T11:58:36.004762+00:00,FREEMIUM,Opalai Scanto3D,Opal-Ai,PRODUCT,1.0,AI Tools List,https://www.opal-ai.com
2026-08-12T11:58:36.004769+00:00,FREEMIUM,123Kanfang Com,123Kanfang,PRODUCT,1.0,AI Tools List,https://123kanfang.com
2026-08-12T11:58:36.004777+00:00,FREEMIUM,Zolak,Zolak,PRODUCT,1.0,AI Tools List,https://zolak.tech
2026-08-12T11:58:36.004786+00:00,FREEMIUM,Gnucleus Ai,Gnucleus,PRODUCT,1.0,AI Tools List,https://www.gnucleus.ai
2026-08-12T11:58:36.004796+00:00,FREEMIUM,Drawings Alive,Drawingsalive,PRODUCT,1.0,AI Tools List,https://drawingsalive.com
2026-08-12T11:58:36.004804+00:00,FREEMIUM,Instant3D Ai,Instant3D,PRODUCT,1.0,AI Tools List,https://instant3d.ai
2026-08-12T11:58:36.004811+00:00,FREEMIUM,Pixelvibe Com,Pixelvibe,PRODUCT,1.0,AI Tools List,https://pixelvibe.com
2026-08-12T11:58:36.004820+00:00,FREEMIUM,Lumiere 3D Ai,Lumiere3D,PRODUCT,1.0,AI Tools List,https://www.lumiere3d.ai
2026-08-12T11:58:36.004828+00:00,FREEMIUM,Voge,Metabrixlab,PRODUCT,1.0,AI Tools List,https://metabrixlab.com
2026-08-12T11:58:36.004836+00:00,FREEMIUM,Sketchpro Ai,Sketchpro,PRODUCT,1.0,AI Tools List,https://sketchpro.ai
2026-08-12T11:58:36.004843+00:00,FREEMIUM,Snapmeasureai,Snapmeasureai,PRODUCT,1.0,AI Tools List,https://snapmeasureai.com
2026-08-12T11:58:36.004851+00:00,FREEMIUM,Kanai,Kanai,PRODUCT,1.0,AI Tools List,https://kanai.ai
2026-08-12T11:58:36.004857+00:00,FREE,Movmi Ai Powered Motion Capture,Movmi,PRODUCT,1.0,AI Tools List,https://movmi.co
2026-08-12T11:58:36.004864+00:00,FREEMIUM,Thecela Com,Thecela,PRODUCT,1.0,AI Tools List,https://thecela.com
2026-08-12T11:58:36.004873+00:00,FREEMIUM,Mineflow Yc S24,Mineflow,PRODUCT,1.0,AI Tools List,http://mineflow.ai
2026-08-12T11:58:36.004881+00:00,FREEMIUM,Photog,Photog,PRODUCT,1.0,AI Tools List,https://photog.art
2026-08-12T11:58:36.004888+00:00,FREEMIUM,Snowpixel App,Snowpixel,PRODUCT,1.0,AI Tools List,https://snowpixel.app
2026-08-12T11:58:36.004896+00:00,FREEMIUM,Glyf 3D Ai Art Generator,Glyf,PRODUCT,1.0,AI Tools List,https://glyf.in
2026-08-12T11:58:36.004904+00:00,FREEMIUM,Brick Generator,Brickgenerator,PRODUCT,1.0,AI Tools List,https://brickgenerator.com
2026-08-12T11:58:36.004912+00:00,FREEMIUM,Suapp Ai,Suapp,PRODUCT,1.0,AI Tools List,https://suapp.ai
2026-08-12T11:58:36.004920+00:00,FREEMIUM,Gentype Io,Gentype,PRODUCT,1.0,AI Tools List,https://gentype.lemonsqueezy.com
2026-08-12T11:58:36.004930+00:00,FREEMIUM,Copernicai,Copernicai,PRODUCT,1.0,AI Tools List,https://copernicai.com
2026-08-12T11:58:36.004938+00:00,FREEMIUM,Hyra,Hyravision,PRODUCT,1.0,AI Tools List,https://www.hyravision.com
2026-08-12T11:58:36.004945+00:00,FREEMIUM,Diverseshot,Diverseshot,PRODUCT,1.0,AI Tools List,https://www.diverseshot.com
2026-08-12T11:58:36.004953+00:00,FREEMIUM,Stable Fast 3D Sf3D,Stablefast3D,PRODUCT,1.0,AI Tools List,https://www.stablefast3d.com
2026-08-12T11:58:36.004962+00:00,FREEMIUM,Draw3D,Draw3D,PRODUCT,1.0,AI Tools List,https://draw3d.lemonsqueezy.com/
2026-08-12T11:58:36.004969+00:00,FREEMIUM,Heroify,Heroify,PRODUCT,1.0,AI Tools List,https://heroify.lol
2026-08-12T11:58:36.004977+00:00,FREEMIUM,Style3D Ai,Style3D,PRODUCT,1.0,AI Tools List,https://www.style3d.ai
2026-08-12T11:58:36.004985+00:00,FREEMIUM,Lovers Ai,Theloversai,PRODUCT,1.0,AI Tools List,https://www.theloversai.co.in
2026-08-12T11:58:36.004994+00:00,FREEMIUM,Stable Video 3D,Stablevideo3D,PRODUCT,1.0,AI Tools List,https://stablevideo3d.com
2026-08-12T11:58:36.005001+00:00,FREEMIUM,Nak3D,Nak3D,PRODUCT,1.0,AI Tools List,https://nak3d.xyz
2026-08-12T11:58:36.005010+00:00,FREEMIUM,Jeeliz Com,Jeeliz,PRODUCT,1.0,AI Tools List,https://jeeliz.com
2026-08-12T11:58:36.005019+00:00,FREEMIUM,Ai Powered 3D Marketplace,Marketplace,PRODUCT,1.0,AI Tools List,https://marketplace.kaedim3d.com
2026-08-12T11:58:36.005027+00:00,FREEMIUM,Meshcapade Me,Meshcapade,PRODUCT,1.0,AI Tools List,http://meshcapade.me
2026-08-12T11:58:36.005035+00:00,FREEMIUM,Sv3D Online,Sv3D,PRODUCT,1.0,AI Tools List,https://sv3d.online
2026-08-12T11:58:36.005043+00:00,FREEMIUM,Mondial3D Ai 3D Model Generator,Mondial3D,PRODUCT,1.0,AI Tools List,https://www.mondial3d.com
2026-08-12T11:58:36.005052+00:00,FREEMIUM,Triorama Ai,Triorama,PRODUCT,1.0,AI Tools List,https://triorama.ai
2026-08-12T11:58:36.005061+00:00,FREEMIUM,Psychoroid Com,Psychoroid,PRODUCT,1.0,AI Tools List,https://psychoroid.com
2026-08-12T11:58:36.005069+00:00,FREEMIUM,Latent Labs,Latentlabs,PRODUCT,1.0,AI Tools List,https://www.latentlabs.art
2026-08-12T11:58:36.005077+00:00,FREEMIUM,G3Dai Jedi,G3D,PRODUCT,1.0,AI Tools List,https://g3d.ai
2026-08-12T11:58:36.005085+00:00,FREEMIUM,Worlds Beyond,Worldsbeyondnft,PRODUCT,1.0,AI Tools List,https://worldsbeyondnft.com
2026-08-12T11:58:36.005093+00:00,FREEMIUM,Kirin,Kirin3D,PRODUCT,1.0,AI Tools List,https://www.kirin3d.com
2026-08-12T11:58:36.005101+00:00,FREEMIUM,Imagineai By Magus Gg,Magus,PRODUCT,1.0,AI Tools List,https://magus.gg
2026-08-12T11:58:36.005111+00:00,FREEMIUM,Character Design By Museclip,Museclip,PRODUCT,1.0,AI Tools List,https://museclip.ai/characterRealTime
2026-08-12T11:58:36.005119+00:00,FREEMIUM,Trulience Com,Trulience,PRODUCT,1.0,AI Tools List,https://trulience.com
2026-08-12T11:58:36.005126+00:00,FREEMIUM,Atlas 3D Ai,Atlas,PRODUCT,1.0,AI Tools List,https://atlas.design
2026-08-12T11:58:36.005135+00:00,FREEMIUM,Wordcraft3D,App,PRODUCT,1.0,AI Tools List,https://app.wordcraft3d.greenrobot.com
2026-08-12T11:58:36.005143+00:00,FREEMIUM,Idjpg Com,Idjpg,PRODUCT,1.0,AI Tools List,https://idjpg.com
2026-08-12T11:58:36.005151+00:00,FREEMIUM,Imrsivo,Imrsivo,PRODUCT,1.0,AI Tools List,https://imrsivo.com
2026-08-12T11:58:36.005159+00:00,FREEMIUM,Konfiwear,Konfiwear,PRODUCT,1.0,AI Tools List,https://konfiwear.com
2026-08-12T11:58:36.005167+00:00,FREEMIUM,Izanamiai,Izanami,PRODUCT,1.0,AI Tools List,https://izanami.ai
2026-08-12T11:58:36.005174+00:00,FREEMIUM,Birble Ai Dashboard,Birbleai,PRODUCT,1.0,AI Tools List,https://BirbleAI.com
2026-08-12T11:58:36.005182+00:00,FREEMIUM,Censored Ai,Censoredai,PRODUCT,1.0,AI Tools List,https://censoredai.app
2026-08-12T11:58:36.005190+00:00,FREEMIUM,Masterpiecevr Com,Masterpiecevr,PRODUCT,1.0,AI Tools List,https://masterpiecevr.com
2026-08-12T11:58:36.005197+00:00,FREEMIUM,Xspiral,Xspiral,PRODUCT,1.0,AI Tools List,https://www.xspiral.com
2026-08-12T11:58:36.005204+00:00,FREEMIUM,2Frames App,2Frames,PRODUCT,1.0,AI Tools List,https://2frames.app
2026-08-12T11:58:36.005211+00:00,FREEMIUM,Guekn,Guekn,PRODUCT,1.0,AI Tools List,https://guekn.com
2026-08-12T11:58:36.005220+00:00,FREEMIUM,Neural4D,Neural4D,PRODUCT,1.0,AI Tools List,https://www.neural4d.com
2026-08-12T11:58:36.005228+00:00,FREEMIUM,Textto3D,Text-To-3D,PRODUCT,1.0,AI Tools List,https://text-to-3d.app
2026-08-12T11:58:36.005236+00:00,FREEMIUM,Showbiz Ai,Showbizai,PRODUCT,1.0,AI Tools List,https://showbizai.com
2026-08-12T11:58:36.005242+00:00,FREEMIUM,Oven Ai,Oveners,PRODUCT,1.0,AI Tools List,https://oveners.com
2026-08-12T11:58:36.005251+00:00,FREEMIUM,Imagerest All In One Al Image Platform,Imagerest,PRODUCT,1.0,AI Tools List,https://imagerest.com
2026-08-12T11:58:36.005259+00:00,FREEMIUM,Pristina Ai Render Realism Fast,Pristina,PRODUCT,1.0,AI Tools List,https://www.pristina.ai
2026-08-12T11:58:36.005267+00:00,FREEMIUM,Sheliapp,Sheli,PRODUCT,1.0,AI Tools List,https://www.sheli.app
2026-08-12T11:58:36.005275+00:00,FREEMIUM,Arrival,Arrival,PRODUCT,1.0,AI Tools List,https://arrival.so
2026-08-12T11:58:36.005283+00:00,FREEMIUM,Dimensionlabs,Dimensionlabs,PRODUCT,1.0,AI Tools List,https://dimensionlabs.app
2026-08-12T11:58:36.005290+00:00,FREEMIUM,Vaivr,Vaivr,PRODUCT,1.0,AI Tools List,https://vaivr.ai
2026-08-12T11:58:36.005298+00:00,FREEMIUM,Hunyuan3D 2 0,3D-Models,PRODUCT,1.0,AI Tools List,https://3d-models.hunyuan.tencent.com
2026-08-12T11:58:36.005306+00:00,FREEMIUM,Meshifai,Meshifai,PRODUCT,1.0,AI Tools List,http://meshifai.com
2026-08-12T11:58:36.005314+00:00,FREEMIUM,Bevelify,Bevelify,PRODUCT,1.0,AI Tools List,https://bevelify.com
2026-08-12T11:58:36.005321+00:00,FREEMIUM,Nom3D Studio,Nom3D,PRODUCT,1.0,AI Tools List,https://nom3d.studio
2026-08-12T11:58:36.005327+00:00,FREEMIUM,Ai Doll,Ai-Doll,PRODUCT,1.0,AI Tools List,https://ai-doll.app
2026-08-12T11:58:36.005336+00:00,FREEMIUM,Visionar Visualize Your Creations,Visionar,PRODUCT,1.0,AI Tools List,https://www.visionar.dev
2026-08-12T11:58:36.005344+00:00,FREEMIUM,Altpage Ai,Altpage,PRODUCT,1.0,AI Tools List,https://www.altpage.ai
2026-08-12T11:58:36.005352+00:00,FREEMIUM,Thomson Reuters,Thomsonreuters,PRODUCT,1.0,AI Tools List,https://www.thomsonreuters.com
2026-08-12T11:58:36.005360+00:00,FREEMIUM,Mathgpt Ai Math Solver Animator,Math-Gpt,PRODUCT,1.0,AI Tools List,https://math-gpt.org
2026-08-12T11:58:36.005367+00:00,FREEMIUM,Nume,Nume,PRODUCT,1.0,AI Tools List,https://www.nume.finance/
2026-08-12T11:58:36.005375+00:00,FREEMIUM,Nanonets,Nanonets,PRODUCT,1.0,AI Tools List,https://nanonets.com
2026-08-12T11:58:36.005384+00:00,FREEMIUM,Insightsoftware,Insightsoftware,PRODUCT,1.0,AI Tools List,https://insightsoftware.com
2026-08-12T11:58:36.005391+00:00,FREE,Accountable De,Accountable,PRODUCT,1.0,AI Tools List,https://accountable.de
2026-08-12T11:58:36.005399+00:00,FREEMIUM,Intapp,Intapp,PRODUCT,1.0,AI Tools List,https://www.intapp.com
2026-08-12T11:58:36.005408+00:00,FREEMIUM,Docuclipper,Docuclipper,PRODUCT,1.0,AI Tools List,https://www.docuclipper.com
2026-08-12T11:58:36.005415+00:00,FREEMIUM,Taxgpt Com,Taxgpt,PRODUCT,1.0,AI Tools List,https://taxgpt.com
2026-08-12T11:58:36.005422+00:00,FREEMIUM,Taxgpt,Taxgpt,PRODUCT,1.0,AI Tools List,https://www.taxgpt.com
2026-08-12T11:58:36.005430+00:00,FREEMIUM,Syft Assist Ai,Syftanalytics,PRODUCT,1.0,AI Tools List,https://www.syftanalytics.com
2026-08-12T11:58:36.005438+00:00,FREEMIUM,Kick,Kick,PRODUCT,1.0,AI Tools List,https://kick.co
2026-08-12T11:58:36.005446+00:00,FREEMIUM,Agree Com,Agree,PRODUCT,1.0,AI Tools List,https://agree.com
2026-08-12T11:58:36.005455+00:00,FREEMIUM,Zeni Ai,Zeni,PRODUCT,1.0,AI Tools List,https://zeni.ai
2026-08-12T11:58:36.005463+00:00,FREEMIUM,Formx Ai,Formx,PRODUCT,1.0,AI Tools List,https://www.formx.ai
2026-08-12T11:58:36.005471+00:00,FREEMIUM,Pump,Pump,PRODUCT,1.0,AI Tools List,https://www.pump.co/
2026-08-12T11:58:36.005479+00:00,FREEMIUM,Rossum Ai,Rossum,PRODUCT,1.0,AI Tools List,https://rossum.ai
2026-08-12T11:58:36.005487+00:00,FREEMIUM,Tutoreva Campus Ai Study Help,Tutoreva,PRODUCT,1.0,AI Tools List,https://www.tutoreva.com
2026-08-12T11:58:36.005494+00:00,FREEMIUM,Tutoreva,Tutoreva,PRODUCT,1.0,AI Tools List,https://tutoreva.com
2026-08-12T11:58:36.005503+00:00,FREEMIUM,Affinda Com,Affinda,PRODUCT,1.0,AI Tools List,https://affinda.com
2026-08-12T11:58:36.005510+00:00,FREEMIUM,Receiptor Ai,Receiptor,PRODUCT,1.0,AI Tools List,https://receiptor.ai
2026-08-12T11:58:36.005517+00:00,FREEMIUM,Mindbridge Ai,Mindbridge,PRODUCT,1.0,AI Tools List,https://mindbridge.ai
2026-08-12T11:58:36.005541+00:00,ENTERPRISE,Yokoy Io,Yokoy,PRODUCT,1.0,AI Tools List,https://yokoy.io
2026-08-12T11:58:36.005549+00:00,FREEMIUM,Digits Accounting Reimagined,Digits,PRODUCT,1.0,AI Tools List,https://digits.com
2026-08-12T11:58:36.005556+00:00,FREEMIUM,Financegpt,Financegpt,PRODUCT,1.0,AI Tools List,https://financegpt.uk
2026-08-12T11:58:36.005564+00:00,FREEMIUM,Clienthub App,Clienthub,PRODUCT,1.0,AI Tools List,https://clienthub.app
2026-08-12T11:58:36.005572+00:00,FREEMIUM,Leasecake,Leasecake,PRODUCT,1.0,AI Tools List,https://www.leasecake.com
2026-08-12T11:58:36.005579+00:00,FREEMIUM,Osfin Ai,Osfin,PRODUCT,1.0,AI Tools List,https://osfin.ai
2026-08-12T11:58:36.005587+00:00,FREEMIUM,Algodocs,Algodocs,PRODUCT,1.0,AI Tools List,https://www.algodocs.com
2026-08-12T11:58:36.005594+00:00,FREEMIUM,Appzen Com,Appzen,PRODUCT,1.0,AI Tools List,https://appzen.com
2026-08-12T11:58:36.005601+00:00,FREEMIUM,Marcus Your Ai Billing Agent,Trymesha,PRODUCT,1.0,AI Tools List,https://trymesha.com
2026-08-12T11:58:36.005608+00:00,FREEMIUM,Uprise Embedded,Uprise,PRODUCT,1.0,AI Tools List,https://uprise.us
2026-08-12T11:58:36.005616+00:00,FREEMIUM,Finvi Com,Finvi,PRODUCT,1.0,AI Tools List,https://finvi.com
2026-08-12T11:58:36.005624+00:00,FREEMIUM,Chargezoom Com,Chargezoom,PRODUCT,1.0,AI Tools List,https://chargezoom.com
2026-08-12T11:58:36.005632+00:00,FREEMIUM,Receipt Ai For Startup,Receipt-Ai,PRODUCT,1.0,AI Tools List,https://receipt-ai.com
2026-08-12T11:58:36.005640+00:00,FREEMIUM,Skwad,Skwad,PRODUCT,1.0,AI Tools List,https://skwad.app
2026-08-12T11:58:36.005647+00:00,FREEMIUM,Trezy,Trezy,PRODUCT,1.0,AI Tools List,https://www.trezy.io
2026-08-12T11:58:36.005654+00:00,FREEMIUM,Arte,Deferred,PRODUCT,1.0,AI Tools List,https://www.deferred.com/real-estate-tax-chatbot
2026-08-12T11:58:36.005662+00:00,FREEMIUM,Deferred,Deferred,PRODUCT,1.0,AI Tools List,https://www.deferred.com
2026-08-12T11:58:36.005670+00:00,FREEMIUM,Cpa Pilot,Cpapilot,PRODUCT,1.0,AI Tools List,https://www.cpapilot.com
2026-08-12T11:58:36.005678+00:00,FREEMIUM,Cradl Ai,Cradl,PRODUCT,1.0,AI Tools List,https://www.cradl.ai
2026-08-12T11:58:36.005687+00:00,FREEMIUM,Patterns,Patterns,PRODUCT,1.0,AI Tools List,https://www.patterns.app
2026-08-12T11:58:36.005694+00:00,FREEMIUM,Iota,Iota,PRODUCT,1.0,AI Tools List,https://www.iota.uz/en
2026-08-12T11:58:36.005703+00:00,FREEMIUM,Quanta,Usequanta,PRODUCT,1.0,AI Tools List,https://www.usequanta.com
2026-08-12T11:58:36.005710+00:00,FREEMIUM,Monai,Get-Monai,PRODUCT,1.0,AI Tools List,https://get-monai.app
2026-08-12T11:58:36.005718+00:00,FREEMIUM,Taxly Ai,Taxly,PRODUCT,1.0,AI Tools List,https://taxly.ai
2026-08-12T11:58:36.005725+00:00,FREEMIUM,Vuala 1 0,Vualapp,PRODUCT,1.0,AI Tools List,https://vualapp.com
2026-08-12T11:58:36.005733+00:00,FREEMIUM,Freeday Ai,Freeday,PRODUCT,1.0,AI Tools List,https://www.freeday.ai
2026-08-12T11:58:36.005741+00:00,FREEMIUM,Ai Bookkeeping,Bookeeping,PRODUCT,1.0,AI Tools List,https://bookeeping.ai
2026-08-12T11:58:36.005748+00:00,FREEMIUM,Bookeeping Ai,Bookeeping,PRODUCT,1.0,AI Tools List,https://bookeeping.ai/
2026-08-12T11:58:36.005756+00:00,FREEMIUM,Procys,Procys,PRODUCT,1.0,AI Tools List,https://procys.com
2026-08-12T11:58:36.005764+00:00,FREEMIUM,Mesh,Usemesh,PRODUCT,1.0,AI Tools List,https://www.usemesh.com
2026-08-12T11:58:36.005772+00:00,FREEMIUM,Nuvio,Nuvio,PRODUCT,1.0,AI Tools List,https://www.nuvio.io
2026-08-12T11:58:36.005779+00:00,FREEMIUM,Ledgerbox,Ledgerbox,PRODUCT,1.0,AI Tools List,https://ledgerbox.io
2026-08-12T11:58:36.005787+00:00,FREEMIUM,Rocket Statements,Rocketstatements,PRODUCT,1.0,AI Tools List,https://www.rocketstatements.com
2026-08-12T11:58:36.005795+00:00,FREEMIUM,Zapro Ai,Zapro,PRODUCT,1.0,AI Tools List,https://zapro.ai
2026-08-12T11:58:36.005803+00:00,FREEMIUM,Ai Search By Mesha,Mesha,PRODUCT,1.0,AI Tools List,https://www.mesha.club
2026-08-12T11:58:36.005813+00:00,FREEMIUM,Credibl Esg,Crediblesg,PRODUCT,1.0,AI Tools List,https://www.crediblesg.com
2026-08-12T11:58:36.005821+00:00,FREEMIUM,Kili,Kili,PRODUCT,1.0,AI Tools List,https://www.kili.so
2026-08-12T11:58:36.005829+00:00,FREEMIUM,Cc Monet Home,Ccmonet,PRODUCT,1.0,AI Tools List,https://www.ccmonet.ai
2026-08-12T11:58:36.005837+00:00,FREEMIUM,Entendre Finance,Entendre,PRODUCT,1.0,AI Tools List,https://entendre.finance
2026-08-12T11:58:36.005844+00:00,FREEMIUM,Inbuild,Inbuild,PRODUCT,1.0,AI Tools List,https://www.inbuild.ai
2026-08-12T11:58:36.005852+00:00,FREEMIUM,Getinvoice,Get-Invoice,PRODUCT,1.0,AI Tools List,https://www.get-invoice.com
2026-08-12T11:58:36.005859+00:00,FREEMIUM,Mej Erp Ai,Mejerpai,PRODUCT,1.0,AI Tools List,https://mejerpai.com
2026-08-12T11:58:36.005867+00:00,FREEMIUM,Snaptobook,Snaptobook,PRODUCT,1.0,AI Tools List,https://www.snaptobook.com
2026-08-12T11:58:36.005876+00:00,FREEMIUM,Unitedtax Ai,Unitedtax,PRODUCT,1.0,AI Tools List,https://unitedtax.ai
2026-08-12T11:58:36.005883+00:00,FREEMIUM,Recordme,Recordme,PRODUCT,1.0,AI Tools List,https://recordme.ai
2026-08-12T11:58:36.005892+00:00,FREEMIUM,Received,Received,PRODUCT,1.0,AI Tools List,https://received.ai
2026-08-12T11:58:36.005901+00:00,FREEMIUM,Finance Brain,Financebrain,PRODUCT,1.0,AI Tools List,https://financebrain.ai
2026-08-12T11:58:36.005908+00:00,PAID,Ever Efficient Ai,Everefficient,PRODUCT,1.0,AI Tools List,https://everefficient.ai
2026-08-12T11:58:36.005914+00:00,FREE,Tango Ai,Tangoagreements,PRODUCT,1.0,AI Tools List,https://www.tangoagreements.com
2026-08-12T11:58:36.005922+00:00,FREEMIUM,Invoice Matchpoint By Dodocs Ai,Dodocs,PRODUCT,1.0,AI Tools List,https://dodocs.ai
2026-08-12T11:58:36.005931+00:00,FREEMIUM,Bank Statement Converter,Bankstatementconverter,PRODUCT,1.0,AI Tools List,https://bankstatementconverter.org
2026-08-12T11:58:36.005941+00:00,FREEMIUM,Fortune,Fortune,PRODUCT,1.0,AI Tools List,https://www.fortune.app
2026-08-12T11:58:36.005951+00:00,FREEMIUM,Assist Biz,Assist,PRODUCT,1.0,AI Tools List,https://www.assist.biz
2026-08-12T11:58:36.005960+00:00,FREEMIUM,Financial Fusion,Financialfusion,PRODUCT,1.0,AI Tools List,https://financialfusion.io
2026-08-12T11:58:36.005968+00:00,FREEMIUM,Backdrop,Joinbackdrop,PRODUCT,1.0,AI Tools List,https://www.joinbackdrop.com
2026-08-12T11:58:36.005976+00:00,FREEMIUM,Mrgn,Mrgn,PRODUCT,1.0,AI Tools List,https://mrgn.ai
2026-08-12T11:58:36.005984+00:00,FREEMIUM,Insightai,Insightai,PRODUCT,1.0,AI Tools List,https://insightai.in
2026-08-12T11:58:36.005992+00:00,FREEMIUM,Turbodoc,Turbodoc,PRODUCT,1.0,AI Tools List,https://turbodoc.io
2026-08-12T11:58:36.006000+00:00,FREEMIUM,Kerno Start,Kerno,PRODUCT,1.0,AI Tools List,https://www.kerno.ch
2026-08-12T11:58:36.006008+00:00,FREEMIUM,Bank Statement Convert,Bankstatementconvert,PRODUCT,1.0,AI Tools List,https://bankstatementconvert.com
2026-08-12T11:58:36.006015+00:00,FREEMIUM,Adam,Interval-Ai,PRODUCT,1.0,AI Tools List,https://interval-ai.com
2026-08-12T11:58:36.006023+00:00,FREEMIUM,Ai Accounting Apps,Aiaccountingapps,PRODUCT,1.0,AI Tools List,https://www.aiaccountingapps.com
2026-08-12T11:58:36.006030+00:00,FREE,Zeeinvoices,Zeeinvoices,PRODUCT,1.0,AI Tools List,https://zeeinvoices.com
2026-08-12T11:58:36.006037+00:00,FREEMIUM,Oly Ai,Oly,PRODUCT,1.0,AI Tools List,https://www.oly.ai
2026-08-12T11:58:36.006045+00:00,FREEMIUM,Pennyflo,Pennyflo,PRODUCT,1.0,AI Tools List,https://www.pennyflo.io
2026-08-12T11:58:36.006053+00:00,FREEMIUM,Serina,Serina,PRODUCT,1.0,AI Tools List,https://www.serina.ai
2026-08-12T11:58:36.006061+00:00,FREEMIUM,Reform,Reformhq,PRODUCT,1.0,AI Tools List,https://reformhq.com
2026-08-12T11:58:36.006070+00:00,FREEMIUM,Documentpro,Documentpro,PRODUCT,1.0,AI Tools List,https://www.documentpro.ai
2026-08-12T11:58:36.006078+00:00,FREEMIUM,Spendtally,Spendtally,PRODUCT,1.0,AI Tools List,https://spendtally.com
2026-08-12T11:58:36.006085+00:00,FREE,Homeworkify,Homeworkifyy,PRODUCT,1.0,AI Tools List,https://homeworkifyy.net
2026-08-12T11:58:36.006092+00:00,FREE,Accountingsolverai,Accountingsolver,PRODUCT,1.0,AI Tools List,https://accountingsolver.com
2026-08-12T11:58:36.006102+00:00,FREEMIUM,Invoice Box 发票盒子,Fapiaohezi,PRODUCT,1.0,AI Tools List,https://www.fapiaohezi.com
2026-08-12T11:58:36.006110+00:00,FREEMIUM,Ontariosystems Com,Ontariosystems,PRODUCT,1.0,AI Tools List,https://ontariosystems.com
2026-08-12T11:58:36.006117+00:00,FREEMIUM,Tribearc,Tribearc,PRODUCT,1.0,AI Tools List,https://tribearc.com
2026-08-12T11:58:36.006124+00:00,FREEMIUM,Facturasaexcel,Facturasaexcel,PRODUCT,1.0,AI Tools List,https://facturasaexcel.com
2026-08-12T11:58:36.006133+00:00,FREEMIUM,Decodebills,Decodebills,PRODUCT,1.0,AI Tools List,https://www.decodebills.com
2026-08-12T11:58:36.006140+00:00,FREEMIUM,Midaflow,Midaflow,PRODUCT,1.0,AI Tools List,https://www.midaflow.com
2026-08-12T11:58:36.006157+00:00,FREEMIUM,Tablebits By Lensell,Tablebitsonline,PRODUCT,1.0,AI Tools List,https://www.tablebitsonline.com
2026-08-12T11:58:36.006165+00:00,FREEMIUM,Billie,Getbillie,PRODUCT,1.0,AI Tools List,https://getbillie.app
2026-08-12T11:58:36.006172+00:00,FREE,Receipt Cat,Receiptcat,PRODUCT,1.0,AI Tools List,https://www.receiptcat.com
2026-08-12T11:58:36.006180+00:00,FREEMIUM,Mest,Mest,PRODUCT,1.0,AI Tools List,https://mest.io
2026-08-12T11:58:36.006187+00:00,FREEMIUM,Buildkeeper,Buildkeeper,PRODUCT,1.0,AI Tools List,https://buildkeeper.co
2026-08-12T11:58:36.006193+00:00,FREEMIUM,Expensee,Expensee,PRODUCT,1.0,AI Tools List,https://expensee.app
2026-08-12T11:58:36.006202+00:00,FREEMIUM,Ai Reviews,Wereviews,PRODUCT,1.0,AI Tools List,https://wereviews.co
2026-08-12T11:58:36.006209+00:00,FREEMIUM,Spendsights,Spendsights,PRODUCT,1.0,AI Tools List,https://spendsights.in
2026-08-12T11:58:36.006217+00:00,FREEMIUM,Fdo Ai,Fdo,PRODUCT,1.0,AI Tools List,https://fdo.ai
2026-08-12T11:58:36.006225+00:00,FREEMIUM,Expense Sorted,Expensesorted,PRODUCT,1.0,AI Tools List,https://www.expensesorted.com
2026-08-12T11:58:36.006234+00:00,FREEMIUM,Myiq Ai,Myiq,PRODUCT,1.0,AI Tools List,https://www.myiq.ai
2026-08-12T11:58:36.006243+00:00,FREEMIUM,Harriet Ai,Harrietcfo,PRODUCT,1.0,AI Tools List,https://www.harrietcfo.com
2026-08-12T11:58:36.006251+00:00,FREE,Billy Ai Invoicing Made Effortless,Getbilly,PRODUCT,1.0,AI Tools List,https://getbilly.co
2026-08-12T11:58:36.006259+00:00,FREEMIUM,Gpt Hero,Gpt-Hero,PRODUCT,1.0,AI Tools List,https://www.gpt-hero.io
2026-08-12T11:58:36.006266+00:00,PAID,Eveski,Eveski,PRODUCT,1.0,AI Tools List,https://www.eveski.com
2026-08-12T11:58:36.006274+00:00,FREEMIUM,Simpla Ai,Simpla,PRODUCT,1.0,AI Tools List,https://www.simpla.ai
2026-08-12T11:58:36.006281+00:00,FREEMIUM,Getpersona App,Getpersona,PRODUCT,1.0,AI Tools List,https://getpersona.app
2026-08-12T11:58:36.006288+00:00,FREEMIUM,Chartx Ai,Chartx,PRODUCT,1.0,AI Tools List,https://chartx.ai
2026-08-12T11:58:36.006296+00:00,FREEMIUM,Easygoing,Easydo,PRODUCT,1.0,AI Tools List,https://easydo.ing
2026-08-12T11:58:36.006302+00:00,FREE,Myinvoicer,Myinvoicer,PRODUCT,1.0,AI Tools List,https://myinvoicer.app
2026-08-12T11:58:36.006310+00:00,FREEMIUM,Receiptify,Receiptify,PRODUCT,1.0,AI Tools List,https://receiptify.ai
2026-08-12T11:58:36.006317+00:00,FREEMIUM,Proco,Proconow,PRODUCT,1.0,AI Tools List,https://proconow.co
2026-08-12T11:58:36.006326+00:00,FREEMIUM,Slayed Ai,Slayed,PRODUCT,1.0,AI Tools List,http://slayed.ai
2026-08-12T11:58:36.006333+00:00,FREEMIUM,Ence,Ence,PRODUCT,1.0,AI Tools List,https://ence.in
2026-08-12T11:58:36.006341+00:00,FREEMIUM,Fincheck By Trezy,Fincheck,PRODUCT,1.0,AI Tools List,https://fincheck.trezy.io
2026-08-12T11:58:36.006349+00:00,FREEMIUM,Learnex Ai,Learnexai,PRODUCT,1.0,AI Tools List,https://www.learnexai.com
2026-08-12T11:58:36.006359+00:00,FREEMIUM,Yapayzeka Net,Yapayzeka,PRODUCT,1.0,AI Tools List,https://yapayzeka.net
2026-08-12T11:58:36.006366+00:00,FREEMIUM,Splitparty,Splitparty,PRODUCT,1.0,AI Tools List,https://splitparty.co
2026-08-12T11:58:36.006373+00:00,FREE,The Freelance App,Thefreelance,PRODUCT,1.0,AI Tools List,https://www.thefreelance.app
2026-08-12T11:58:36.006381+00:00,FREEMIUM,Hexar Ai,Hexarai,PRODUCT,1.0,AI Tools List,https://hexarai.com
2026-08-12T11:58:36.006388+00:00,FREEMIUM,Invoiceocr,Invoiceocr,PRODUCT,1.0,AI Tools List,https://www.invoiceocr.net
2026-08-12T11:58:36.006397+00:00,FREEMIUM,Paygenie,Paygenie,PRODUCT,1.0,AI Tools List,https://www.paygenie.co
2026-08-12T11:58:36.006405+00:00,FREEMIUM,Ai Pdf Bank Statement Parser,Aibankparser,PRODUCT,1.0,AI Tools List,https://aibankparser.com
2026-08-12T11:58:36.006413+00:00,FREEMIUM,Saaspec,Saaspec,PRODUCT,1.0,AI Tools List,https://www.saaspec.com
2026-08-12T11:58:36.006420+00:00,FREE,Stabbl,Stabbl,PRODUCT,1.0,AI Tools List,https://stabbl.com
2026-08-12T11:58:36.006426+00:00,FREE,Apptrop,Apptrop,PRODUCT,1.0,AI Tools List,https://apptrop.com
2026-08-12T11:58:36.006434+00:00,FREE,Evrythink 1 0 Financial Planning,Evrythink,PRODUCT,1.0,AI Tools List,https://www.evrythink.com
2026-08-12T11:58:36.006442+00:00,FREEMIUM,Showmemoney,Showmemoney,PRODUCT,1.0,AI Tools List,https://www.showmemoney.app
2026-08-12T11:58:36.006451+00:00,FREEMIUM,Ecomstat,Ecomstatapp,PRODUCT,1.0,AI Tools List,https://ecomstatapp.com
2026-08-12T11:58:36.006459+00:00,FREEMIUM,Genkin,Genkin,PRODUCT,1.0,AI Tools List,https://genkin.site
2026-08-12T11:58:36.006467+00:00,FREEMIUM,Daftar Automate Your Agency,Daftarapp,PRODUCT,1.0,AI Tools List,https://daftarapp.com
2026-08-12T11:58:36.006474+00:00,PAID,Transacly Co,Transacly,PRODUCT,1.0,AI Tools List,https://transacly.co
2026-08-12T11:58:36.006482+00:00,FREEMIUM,Infawork,Infawork,PRODUCT,1.0,AI Tools List,https://infawork.com
2026-08-12T11:58:36.006490+00:00,FREEMIUM,Time Squeeze,Timesqueeze,PRODUCT,1.0,AI Tools List,https://www.timesqueeze.net
2026-08-12T11:58:36.006498+00:00,FREEMIUM,Smart Invoices,Smartinvoices,PRODUCT,1.0,AI Tools List,https://smartinvoices.app
2026-08-12T11:58:36.006506+00:00,FREEMIUM,Invoices Dev,Invoices,PRODUCT,1.0,AI Tools List,https://invoices.dev
2026-08-12T11:58:36.006513+00:00,FREEMIUM,Accelbooks,Accelbooks,PRODUCT,1.0,AI Tools List,https://www.accelbooks.ai
2026-08-12T11:58:36.006543+00:00,FREEMIUM,Rupease,Rupease,PRODUCT,1.0,AI Tools List,https://rupease.co
2026-08-12T11:58:36.006552+00:00,FREEMIUM,Bank Statement Extractor,Bankstatementextract,PRODUCT,1.0,AI Tools List,https://www.bankstatementextract.com
2026-08-12T11:58:36.006560+00:00,FREEMIUM,Fiorino Ai,Fiorinoai,PRODUCT,1.0,AI Tools List,https://fiorinoai.tech
2026-08-12T11:58:36.006569+00:00,FREEMIUM,Invoicemint,Invoicemint,PRODUCT,1.0,AI Tools List,https://invoicemint.in
2026-08-12T11:58:36.006577+00:00,FREEMIUM,Eliteinvoice,Eliteinvoice,PRODUCT,1.0,AI Tools List,https://eliteinvoice.com
2026-08-12T11:58:36.006585+00:00,FREE,Invoicedataextraction Com,Invoicedataextraction,PRODUCT,1.0,AI Tools List,https://invoicedataextraction.com
2026-08-12T11:58:36.006593+00:00,FREEMIUM,Bizfast Io,Bizfast,PRODUCT,1.0,AI Tools List,https://bizfast.io
2026-08-12T11:58:36.006601+00:00,FREEMIUM,Workfusion App,Workfusionapp,PRODUCT,1.0,AI Tools List,https://www.workfusionapp.com
2026-08-12T11:58:36.006610+00:00,FREEMIUM,Ai Invoicer,Aiinvoicer,PRODUCT,1.0,AI Tools List,https://aiinvoicer.in
2026-08-12T11:58:36.006618+00:00,FREEMIUM,Sendpay,Sendpaymail,PRODUCT,1.0,AI Tools List,https://www.sendpaymail.com
2026-08-12T11:58:36.006626+00:00,FREEMIUM,Vent,Useventapp,PRODUCT,1.0,AI Tools List,https://useventapp.com
2026-08-12T11:58:36.006632+00:00,FREEMIUM,Finjy,Finjy,PRODUCT,1.0,AI Tools List,https://finjy.com
2026-08-12T11:58:36.006641+00:00,FREEMIUM,Jupid Ai Accountant,Jupid,PRODUCT,1.0,AI Tools List,https://jupid.com
2026-08-12T11:58:36.006648+00:00,FREEMIUM,Victoria Ai,Versionseven,PRODUCT,1.0,AI Tools List,https://www.versionseven.ai
2026-08-12T11:58:36.006656+00:00,FREEMIUM,Capyparse,Capyparse,PRODUCT,1.0,AI Tools List,https://capyparse.com
2026-08-12T11:58:36.006664+00:00,FREEMIUM,Rapidscan Ai,Rapidscan,PRODUCT,1.0,AI Tools List,https://rapidscan.ai
2026-08-12T11:58:36.006672+00:00,FREEMIUM,Trae,Trae,PRODUCT,1.0,AI Tools List,https://trae.ai/
2026-08-12T11:58:36.006679+00:00,FREEMIUM,Predis,Predis,PRODUCT,1.0,AI Tools List,https://predis.ai
2026-08-12T11:58:36.006687+00:00,FREEMIUM,Adcreative Ai,Free-Trial,PRODUCT,1.0,AI Tools List,https://free-trial.adcreative.ai/98krjvb7wdoq
2026-08-12T11:58:36.006694+00:00,FREEMIUM,Creatopy,Creatopy,PRODUCT,1.0,AI Tools List,https://www.creatopy.com
2026-08-12T11:58:36.006703+00:00,FREEMIUM,Ai Image Translator For Ecom Image,Pipiads,PRODUCT,1.0,AI Tools List,https://www.pipiads.com/ai-image-translator
2026-08-12T11:58:36.006711+00:00,FREEMIUM,Minea,En,PRODUCT,1.0,AI Tools List,https://en.minea.com
2026-08-12T11:58:36.006718+00:00,FREEMIUM,Otto Google Ads,Searchatlas,PRODUCT,1.0,AI Tools List,https://searchatlas.com/otto-google-ads
2026-08-12T11:58:36.006726+00:00,FREEMIUM,Icon Ai Generated Influencer Ads,Icon,PRODUCT,1.0,AI Tools List,https://icon.com
2026-08-12T11:58:36.006735+00:00,FREEMIUM,Gethookd,Gethookd,PRODUCT,1.0,AI Tools List,https://www.gethookd.ai
2026-08-12T11:58:36.006743+00:00,FREEMIUM,Rubii,Rubii,PRODUCT,1.0,AI Tools List,https://rubii.ai
2026-08-12T11:58:36.006751+00:00,FREEMIUM,Maker Ai,App,PRODUCT,1.0,AI Tools List,https://app.draft.co/signup
2026-08-12T11:58:36.006759+00:00,FREEMIUM,Hautech Ai,Hautech,PRODUCT,1.0,AI Tools List,https://www.hautech.ai
2026-08-12T11:58:36.006768+00:00,FREEMIUM,Lexilexi Ai,Lexilexi,PRODUCT,1.0,AI Tools List,https://lexilexi.ai
2026-08-12T11:58:36.006775+00:00,FREEMIUM,Viral Ecom Adz,Viralecomadz,PRODUCT,1.0,AI Tools List,https://viralecomadz.com
2026-08-12T11:58:36.006783+00:00,FREEMIUM,Neuronsinc Com,Neuronsinc,PRODUCT,1.0,AI Tools List,https://neuronsinc.com
2026-08-12T11:58:36.006791+00:00,FREEMIUM,Neurons,Neuronsinc,PRODUCT,1.0,AI Tools List,https://www.neuronsinc.com
2026-08-12T11:58:36.006799+00:00,FREEMIUM,Shown Io,Shown,PRODUCT,1.0,AI Tools List,https://shown.io/p/hCbui4ATCX
2026-08-12T11:58:36.006807+00:00,FREEMIUM,Waymark,Waymark,PRODUCT,1.0,AI Tools List,https://waymark.com
2026-08-12T11:58:36.006815+00:00,FREEMIUM,Adpilot By Picsart,Onlineadmaker,PRODUCT,1.0,AI Tools List,https://onlineadmaker.com
2026-08-12T11:58:36.006823+00:00,FREEMIUM,Polaranalytics Com,Polaranalytics,PRODUCT,1.0,AI Tools List,https://polaranalytics.com
2026-08-12T11:58:36.006831+00:00,FREEMIUM,Enhencer Com,Enhencer,PRODUCT,1.0,AI Tools List,https://enhencer.com
2026-08-12T11:58:36.006840+00:00,FREEMIUM,Connected Stories Genaissance,Connected-Stories,PRODUCT,1.0,AI Tools List,https://connected-stories.com
2026-08-12T11:58:36.006848+00:00,FREEMIUM,Adscan Ai,Adscan,PRODUCT,1.0,AI Tools List,https://adscan.ai
2026-08-12T11:58:36.006855+00:00,FREEMIUM,Adgen Ai,Adgenai,PRODUCT,1.0,AI Tools List,https://www.adgenai.com
2026-08-12T11:58:36.006864+00:00,FREEMIUM,Zocket,Zocket,PRODUCT,1.0,AI Tools List,https://zocket.ai
2026-08-12T11:58:36.006872+00:00,FREEMIUM,Segwise Ai,Segwise,PRODUCT,1.0,AI Tools List,https://www.segwise.ai
2026-08-12T11:58:36.006879+00:00,FREEMIUM,Metric Tech,Metric,PRODUCT,1.0,AI Tools List,https://www.metric.tech
2026-08-12T11:58:36.006887+00:00,FREEMIUM,Productly App,Productly,PRODUCT,1.0,AI Tools List,https://productly.app
2026-08-12T11:58:36.006894+00:00,FREEMIUM,Suppixel Ai,Suppixel,PRODUCT,1.0,AI Tools List,https://suppixel.ai
2026-08-12T11:58:36.006902+00:00,FREEMIUM,Fliz Ai,Fliz,PRODUCT,1.0,AI Tools List,https://fliz.ai/
2026-08-12T11:58:36.006910+00:00,FREEMIUM,Nexad,Nex,PRODUCT,1.0,AI Tools List,https://www.nex.ad
2026-08-12T11:58:36.006920+00:00,FREEMIUM,Adgpt Com,Adgpt,PRODUCT,1.0,AI Tools List,https://adgpt.com
2026-08-12T11:58:36.006928+00:00,FREEMIUM,Viro,App,PRODUCT,1.0,AI Tools List,https://app.viro.so/
2026-08-12T11:58:36.006936+00:00,FREEMIUM,Dropbotai Com,Dropbotai,PRODUCT,1.0,AI Tools List,https://dropbotai.com/
2026-08-12T11:58:36.006943+00:00,FREEMIUM,Community Hub,Sesamelabs,PRODUCT,1.0,AI Tools List,https://sesamelabs.xyz
2026-08-12T11:58:36.006951+00:00,FREEMIUM,Fusionos Ai,Fusionos,PRODUCT,1.0,AI Tools List,https://www.fusionos.ai
2026-08-12T11:58:36.006959+00:00,FREEMIUM,Qortex Ai,Qortex,PRODUCT,1.0,AI Tools List,https://qortex.ai
2026-08-12T11:58:36.006966+00:00,FREEMIUM,Airpost,Airpost,PRODUCT,1.0,AI Tools List,https://www.airpost.ai
2026-08-12T11:58:36.006973+00:00,FREEMIUM,Evercopy,Dashboard,PRODUCT,1.0,AI Tools List,https://dashboard.evercopy.ai/
2026-08-12T11:58:36.006982+00:00,FREEMIUM,Plug Play Ai Marketing Team,Evercopy,PRODUCT,1.0,AI Tools List,https://evercopy.ai
2026-08-12T11:58:36.006990+00:00,FREEMIUM,Memorable Ad Maker,Memorable,PRODUCT,1.0,AI Tools List,https://www.memorable.io
2026-08-12T11:58:36.006997+00:00,FREEMIUM,Thirdi,Thirdi,PRODUCT,1.0,AI Tools List,https://thirdi.ai
2026-08-12T11:58:36.007005+00:00,FREEMIUM,Adsgency Ai Mvp,Adsgency,PRODUCT,1.0,AI Tools List,https://AdsGency.ai
2026-08-12T11:58:36.007012+00:00,FREEMIUM,Hookads Ai,Hookads,PRODUCT,1.0,AI Tools List,https://hookads.ai
2026-08-12T11:58:36.007020+00:00,FREEMIUM,Alphactr,Alphactr,PRODUCT,1.0,AI Tools List,https://alphactr.com
2026-08-12T11:58:36.007028+00:00,FREEMIUM,Clickable,Clickable,PRODUCT,1.0,AI Tools List,https://www.clickable.so
2026-08-12T11:58:36.007035+00:00,FREEMIUM,Averi,Averi,PRODUCT,1.0,AI Tools List,https://averi.ai
2026-08-12T11:58:36.007043+00:00,FREEMIUM,Shakespeare,Shakespeare,PRODUCT,1.0,AI Tools List,https://www.shakespeare.ai
2026-08-12T11:58:36.007050+00:00,FREEMIUM,Ugc Ads,Ugcads,PRODUCT,1.0,AI Tools List,https://www.ugcads.io
2026-08-12T11:58:36.007059+00:00,FREEMIUM,Ad Mocker,Admocker,PRODUCT,1.0,AI Tools List,https://admocker.com
2026-08-12T11:58:36.007066+00:00,FREEMIUM,Ai Product Shot,Aiproductshot,PRODUCT,1.0,AI Tools List,https://aiproductshot.com/
2026-08-12T11:58:36.007075+00:00,FREEMIUM,Omnitrain Ai,Omnitrain,PRODUCT,1.0,AI Tools List,https://omnitrain.ai
2026-08-12T11:58:36.007082+00:00,FREEMIUM,Selfadvertiser Com,Selfadvertiser,PRODUCT,1.0,AI Tools List,https://selfadvertiser.com
2026-08-12T11:58:36.007090+00:00,FREEMIUM,Creative Fast Aid,Creativefastaid,PRODUCT,1.0,AI Tools List,https://creativefastaid.com
2026-08-12T11:58:36.007098+00:00,FREEMIUM,Swipify,Swipify,PRODUCT,1.0,AI Tools List,https://swipify.ai
2026-08-12T11:58:36.007106+00:00,FREEMIUM,Daydrm Ai,Daydrm,PRODUCT,1.0,AI Tools List,https://www.daydrm.ai
2026-08-12T11:58:36.007114+00:00,FREEMIUM,Xiangji 1 0,Xiangji,PRODUCT,1.0,AI Tools List,https://www.xiangji.ai
2026-08-12T11:58:36.007121+00:00,FREEMIUM,Adxl Ai,Adxl,PRODUCT,1.0,AI Tools List,https://www.adxl.ai/
2026-08-12T11:58:36.007130+00:00,FREEMIUM,Posterstudio,Posterstudio,PRODUCT,1.0,AI Tools List,https://posterstudio.ai
2026-08-12T11:58:36.007138+00:00,FREEMIUM,Growtake,Growtake,PRODUCT,1.0,AI Tools List,https://growtake.com
2026-08-12T11:58:36.007146+00:00,FREEMIUM,Agentprod,Agentprod,PRODUCT,1.0,AI Tools List,https://agentprod.com
2026-08-12T11:58:36.007153+00:00,FREEMIUM,Dicer Ai,Dicer,PRODUCT,1.0,AI Tools List,https://dicer.ai
2026-08-12T11:58:36.007161+00:00,FREEMIUM,Roach Ai,Roach,PRODUCT,1.0,AI Tools List,https://roach.ai
2026-08-12T11:58:36.007168+00:00,FREEMIUM,Hippist Ai,Hippist,PRODUCT,1.0,AI Tools List,https://www.hippist.com
2026-08-12T11:58:36.007176+00:00,FREEMIUM,Adstronaut,Adstronaut,PRODUCT,1.0,AI Tools List,https://www.adstronaut.net
2026-08-12T11:58:36.007184+00:00,FREEMIUM,Showstop,Showstop,PRODUCT,1.0,AI Tools List,https://showstop.ai
2026-08-12T11:58:36.007192+00:00,FREEMIUM,Wafrow Landing Pages On Steroids,Wafrow,PRODUCT,1.0,AI Tools List,https://wafrow.com
2026-08-12T11:58:36.007199+00:00,FREEMIUM,Peachly Ai,Peachlyai,PRODUCT,1.0,AI Tools List,https://peachlyai.xyz
2026-08-12T11:58:36.007209+00:00,FREEMIUM,Cameralyze No Code Ai Studio,Plugger,PRODUCT,1.0,AI Tools List,https://www.plugger.ai/
2026-08-12T11:58:36.007216+00:00,FREEMIUM,Faqx,Faqx,PRODUCT,1.0,AI Tools List,https://faqx.com
2026-08-12T11:58:36.007223+00:00,FREEMIUM,Beb Ai,Beb,PRODUCT,1.0,AI Tools List,https://beb.ai
2026-08-12T11:58:36.007231+00:00,FREEMIUM,Hifen Io,Hifen,PRODUCT,1.0,AI Tools List,https://hifen.io
2026-08-12T11:58:36.007240+00:00,FREEMIUM,Adgen Studio,Adgenstudio,PRODUCT,1.0,AI Tools List,https://www.adgenstudio.com
2026-08-12T11:58:36.007248+00:00,FREEMIUM,Motion Cut,Motioncut,PRODUCT,1.0,AI Tools List,https://motioncut.io
2026-08-12T11:58:36.007255+00:00,FREEMIUM,Frequently Ai,Frequently,PRODUCT,1.0,AI Tools List,https://www.frequently.ai
2026-08-12T11:58:36.007263+00:00,FREEMIUM,Quantplus,Quantplus,PRODUCT,1.0,AI Tools List,http://quantplus.io
2026-08-12T11:58:36.007270+00:00,FREEMIUM,Ai Logo Art,Ailogoart,PRODUCT,1.0,AI Tools List,https://ailogoart.com
2026-08-12T11:58:36.007279+00:00,FREEMIUM,Altos Ai Autonomous Advertising,Helloaltos,PRODUCT,1.0,AI Tools List,https://www.helloaltos.com
2026-08-12T11:58:36.007286+00:00,FREEMIUM,Product Ad Ai,Productad,PRODUCT,1.0,AI Tools List,https://productad.co
2026-08-12T11:58:36.007295+00:00,FREEMIUM,Ohmysynt,Ohmysynt,PRODUCT,1.0,AI Tools List,https://ohmysynt.io
2026-08-12T11:58:36.007302+00:00,FREEMIUM,Adflare Ai,Adflare,PRODUCT,1.0,AI Tools List,https://adflare.ai
2026-08-12T11:58:36.007311+00:00,FREEMIUM,Ecoms Genie Ai,Ecomsgenie,PRODUCT,1.0,AI Tools List,https://www.ecomsgenie.com
2026-08-12T11:58:36.007318+00:00,FREEMIUM,Hollyfy,Hollyfy,PRODUCT,1.0,AI Tools List,https://www.hollyfy.com
2026-08-12T11:58:36.007325+00:00,FREEMIUM,Adxcel Com,Adxcel,PRODUCT,1.0,AI Tools List,https://adxcel.com
2026-08-12T11:58:36.007333+00:00,FREEMIUM,Living Images,Img,PRODUCT,1.0,AI Tools List,https://img.coframe.ai
2026-08-12T11:58:36.007341+00:00,FREEMIUM,Brandnetworksinc Com,Brandnetworksinc,PRODUCT,1.0,AI Tools List,https://brandnetworksinc.com
2026-08-12T11:58:36.007349+00:00,FREEMIUM,Imgpt,Img-Pt,PRODUCT,1.0,AI Tools List,https://www.img-pt.com
2026-08-12T11:58:36.007356+00:00,FREEMIUM,Adastra,1Trillionclub,PRODUCT,1.0,AI Tools List,https://1trillionclub.com/
2026-08-12T11:58:36.007466+00:00,FREEMIUM,Mad Ad,Madad,PRODUCT,1.0,AI Tools List,https://www.madad.site
2026-08-12T11:58:36.007476+00:00,FREEMIUM,Adspawn,Adspawn,PRODUCT,1.0,AI Tools List,https://www.adspawn.com
2026-08-12T11:58:36.007483+00:00,FREEMIUM,Performwell,Performwell,PRODUCT,1.0,AI Tools List,https://performwell.online
2026-08-12T11:58:36.007491+00:00,FREEMIUM,Instaon Io,Instaon,PRODUCT,1.0,AI Tools List,https://instaon.io
2026-08-12T11:58:36.007498+00:00,FREEMIUM,Veedy Ai,Veedy,PRODUCT,1.0,AI Tools List,https://veedy.ai
2026-08-12T11:58:36.007505+00:00,FREEMIUM,Adlas Io,Adlas,PRODUCT,1.0,AI Tools List,https://adlas.io
2026-08-12T11:58:36.007512+00:00,FREEMIUM,Shots Maker,Shotsmaker,PRODUCT,1.0,AI Tools List,https://shotsmaker.com
2026-08-12T11:58:36.007519+00:00,FREEMIUM,Lolify,Lolify,PRODUCT,1.0,AI Tools List,https://www.lolify.io
2026-08-12T11:58:36.007526+00:00,FREEMIUM,Engaugeai Test Your Ad Creatives,Engaugeai,PRODUCT,1.0,AI Tools List,https://www.engaugeai.net
2026-08-12T11:58:36.007541+00:00,FREEMIUM,Virtual Verse Labs,Virtualverselabs,PRODUCT,1.0,AI Tools List,https://virtualverselabs.com
2026-08-12T11:58:36.007549+00:00,FREEMIUM,Human Model Based Ai Images,Ivisual,PRODUCT,1.0,AI Tools List,https://ivisual.ai
2026-08-12T11:58:36.007557+00:00,FREEMIUM,Genads,Genads,PRODUCT,1.0,AI Tools List,https://genads.app
2026-08-12T11:58:36.007564+00:00,FREEMIUM,Dynamicads,Dynamicads,PRODUCT,1.0,AI Tools List,https://dynamicads.app
2026-08-12T11:58:36.007572+00:00,FREEMIUM,Asset Creatives Ai,Asset-Creatives-Ai,PRODUCT,1.0,AI Tools List,https://asset-creatives-ai.com
2026-08-12T11:58:36.007580+00:00,FREEMIUM,F Xai,Foxai,PRODUCT,1.0,AI Tools List,https://foxai.app
2026-08-12T11:58:36.007587+00:00,FREEMIUM,Adsrapido,Adsrapido,PRODUCT,1.0,AI Tools List,https://adsrapido.com
2026-08-12T11:58:36.007595+00:00,FREEMIUM,Content Creation Tools,Contentcreation,PRODUCT,1.0,AI Tools List,https://contentcreation.tools
2026-08-12T11:58:36.007603+00:00,FREEMIUM,Make Ad,Make,PRODUCT,1.0,AI Tools List,https://make.ad
2026-08-12T11:58:36.007609+00:00,FREE,Smmai Ai Banner Maker,Home,PRODUCT,1.0,AI Tools List,https://home.smmai.app
2026-08-12T11:58:36.007617+00:00,FREEMIUM,Generate Ads Ai,Generateads,PRODUCT,1.0,AI Tools List,https://generateads.ai
2026-08-12T11:58:36.007625+00:00,FREEMIUM,The Influencer Ai,Theinfluencer,PRODUCT,1.0,AI Tools List,https://www.theinfluencer.ai
2026-08-12T11:58:36.007632+00:00,FREEMIUM,Recraft Image Model,Recraft,PRODUCT,1.0,AI Tools List,https://www.recraft.ai
2026-08-12T11:58:36.007640+00:00,FREEMIUM,Captions,Captions,PRODUCT,1.0,AI Tools List,https://www.captions.ai
2026-08-12T11:58:36.007647+00:00,FREEMIUM,Wondershare Virbo,Virbo,PRODUCT,1.0,AI Tools List,https://virbo.wondershare.com
2026-08-12T11:58:36.007655+00:00,FREEMIUM,Basedlabs,Basedlabs,PRODUCT,1.0,AI Tools List,https://www.basedlabs.ai/
2026-08-12T11:58:36.007662+00:00,FREEMIUM,Writesonic,Writesonic,PRODUCT,1.0,AI Tools List,https://writesonic.com
2026-08-12T11:58:36.007671+00:00,FREEMIUM,Pippit Ai,Pippit,PRODUCT,1.0,AI Tools List,https://pippit.capcut.com
2026-08-12T11:58:36.007678+00:00,FREEMIUM,Creatify,Creatify,PRODUCT,1.0,AI Tools List,https://creatify.ai/
2026-08-12T11:58:36.007686+00:00,FREEMIUM,Higgsfield,Higgsfield,PRODUCT,1.0,AI Tools List,https://higgsfield.ai
2026-08-12T11:58:36.007693+00:00,FREEMIUM,Phot Ai,Phot,PRODUCT,1.0,AI Tools List,https://www.phot.ai
2026-08-12T11:58:36.007701+00:00,FREEMIUM,Topview Ai,Topview,PRODUCT,1.0,AI Tools List,https://www.topview.ai
2026-08-12T11:58:36.007708+00:00,FREEMIUM,Durable,Durable,PRODUCT,1.0,AI Tools List,https://durable.sjv.io/jerLdb
2026-08-12T11:58:36.007715+00:00,FREEMIUM,Lightx,Lightxeditor,PRODUCT,1.0,AI Tools List,https://www.lightxeditor.com
2026-08-12T11:58:36.007722+00:00,FREEMIUM,Powtoon,Go,PRODUCT,1.0,AI Tools List,https://go.fiverr.com/visit/
2026-08-12T11:58:36.007730+00:00,FREEMIUM,Deevid Ai,Deevid,PRODUCT,1.0,AI Tools List,https://deevid.ai
2026-08-12T11:58:36.007737+00:00,FREEMIUM,Gravity Write,Gravitywrite,PRODUCT,1.0,AI Tools List,https://gravitywrite.com/
2026-08-12T11:58:36.007745+00:00,FREEMIUM,Arcads,Arcads,PRODUCT,1.0,AI Tools List,https://arcads.ai
2026-08-12T11:58:36.007752+00:00,FREEMIUM,Blaze,Get,PRODUCT,1.0,AI Tools List,https://get.blaze.ai
2026-08-12T11:58:36.007759+00:00,FREEMIUM,Blaze Designer,Blaze,PRODUCT,1.0,AI Tools List,https://www.blaze.ai
2026-08-12T11:58:36.007766+00:00,FREE,Aifreebox Free Ai Tools,Aifreebox,PRODUCT,1.0,AI Tools List,https://aifreebox.com
2026-08-12T11:58:36.007773+00:00,FREEMIUM,Flair Ai,Flair,PRODUCT,1.0,AI Tools List,https://flair.ai
2026-08-12T11:58:36.007780+00:00,FREEMIUM,Winninghunter Com,Winninghunter,PRODUCT,1.0,AI Tools List,https://winninghunter.com
2026-08-12T11:58:36.007787+00:00,FREEMIUM,Promo Ai Video Maker,Promo,PRODUCT,1.0,AI Tools List,https://promo.com
2026-08-12T11:58:36.007795+00:00,FREEMIUM,Vidau,Affiliates,PRODUCT,1.0,AI Tools List,https://affiliates.vidau.ai/XfqLzb
2026-08-12T11:58:36.007802+00:00,FREEMIUM,Askingtips,Askingtips,PRODUCT,1.0,AI Tools List,https://askingtips.com
2026-08-12T11:58:36.007809+00:00,FREEMIUM,Supermeme Ai,App,PRODUCT,1.0,AI Tools List,https://app.supermeme.ai
2026-08-12T11:58:36.007816+00:00,FREEMIUM,Wordkraft Ai,Wordkraft,PRODUCT,1.0,AI Tools List,https://wordkraft.ai
2026-08-12T11:58:36.007825+00:00,FREEMIUM,Neuroflash,App,PRODUCT,1.0,AI Tools List,https://app.neuro-flash.com/free
2026-08-12T11:58:36.007833+00:00,FREEMIUM,200 Chatgpt Mega Prompts For Solopreneurs,Godofprompt,PRODUCT,1.0,AI Tools List,https://godofprompt.ai/solopreneurs-mega-prompts
2026-08-12T11:58:36.007841+00:00,FREEMIUM,200 Chatgpt Mega Prompts For Marketing,Godofprompt,PRODUCT,1.0,AI Tools List,https://www.godofprompt.ai/marketing-mega-prompts
2026-08-12T11:58:36.007848+00:00,FREEMIUM,Zebracat Ai,Studio,PRODUCT,1.0,AI Tools List,http://studio.zebracat.ai/signup/
2026-08-12T11:58:36.007855+00:00,FREEMIUM,Makeugc,Makeugc,PRODUCT,1.0,AI Tools List,https://www.makeugc.ai/
2026-08-12T11:58:36.007863+00:00,FREEMIUM,Sellthetrend Com,Sellthetrend,PRODUCT,1.0,AI Tools List,https://www.SellTheTrend.com/join/affiliate14309
2026-08-12T11:58:36.007870+00:00,FREE,Free Midjourney Ai Art Generator,Journeyaiart,PRODUCT,1.0,AI Tools List,https://journeyaiart.com
2026-08-12T11:58:36.007877+00:00,FREEMIUM,Synthesys X,Paykstrt,PRODUCT,1.0,AI Tools List,https://paykstrt.com/46963/136765
2026-08-12T11:58:36.007885+00:00,FREEMIUM,Nichesss,Nichesss,PRODUCT,1.0,AI Tools List,https://nichesss.com
2026-08-12T11:58:36.007892+00:00,FREEMIUM,Pagepilot Ai,Pagepilot,PRODUCT,1.0,AI Tools List,https://pagepilot.ai/
2026-08-12T11:58:36.007899+00:00,FREEMIUM,Cohesive Ai,Cohesive,PRODUCT,1.0,AI Tools List,https://cohesive.so
2026-08-12T11:58:36.007907+00:00,FREEMIUM,Kive,Kive,PRODUCT,1.0,AI Tools List,https://kive.ai
2026-08-12T11:58:36.007915+00:00,FREEMIUM,Glorify 3 0 Design Tool Powered By Ai,Glorify,PRODUCT,1.0,AI Tools List,https://www.glorify.com
2026-08-12T11:58:36.007922+00:00,FREEMIUM,Influee,Influee,PRODUCT,1.0,AI Tools List,https://influee.co
2026-08-12T11:58:36.007929+00:00,FREEMIUM,Storylab Ai,Storylab,PRODUCT,1.0,AI Tools List,https://storylab.ai/
2026-08-12T11:58:36.007936+00:00,FREEMIUM,Molypix Ai,Molypix,PRODUCT,1.0,AI Tools List,https://molypix.ai
2026-08-12T11:58:36.007944+00:00,FREEMIUM,Open Spoken Ai,Openspokenai,PRODUCT,1.0,AI Tools List,https://openspokenai.com
2026-08-12T11:58:36.007951+00:00,FREE,Ultra Fast Image Generator,Fastflux,PRODUCT,1.0,AI Tools List,https://fastflux.co
2026-08-12T11:58:36.007958+00:00,FREEMIUM,Sivi Ai,Sivi,PRODUCT,1.0,AI Tools List,https://sivi.ai
2026-08-12T11:58:36.007964+00:00,FREEMIUM,Anyword,Anyword,PRODUCT,1.0,AI Tools List,https://anyword.com
2026-08-12T11:58:36.007971+00:00,FREEMIUM,Adminer Pro,Adminer,PRODUCT,1.0,AI Tools List,https://adminer.pro
2026-08-12T11:58:36.007978+00:00,FREE,Clarice Ai,Clarice,PRODUCT,1.0,AI Tools List,https://clarice.ai/
2026-08-12T11:58:36.007986+00:00,FREEMIUM,Plainly Ai,Plainlyvideos,PRODUCT,1.0,AI Tools List,https://www.plainlyvideos.com
2026-08-12T11:58:36.007993+00:00,FREEMIUM,Glitching Ai,Glitching,PRODUCT,1.0,AI Tools List,https://www.glitching.ai//
2026-08-12T11:58:36.008000+00:00,FREEMIUM,Storykit,Storykit,PRODUCT,1.0,AI Tools List,https://storykit.io
2026-08-12T11:58:36.008007+00:00,FREEMIUM,Digital First Ai,App,PRODUCT,1.0,AI Tools List,https://app.digitalfirst.ai
2026-08-12T11:58:36.008015+00:00,FREEMIUM,Magickpen,Magickpen,PRODUCT,1.0,AI Tools List,https://magickpen.com
2026-08-12T11:58:36.008022+00:00,FREEMIUM,Story Boards Ai,Story-Boards,PRODUCT,1.0,AI Tools List,https://www.story-boards.ai
2026-08-12T11:58:36.008029+00:00,FREEMIUM,Contentbot Ai,Contentbot,PRODUCT,1.0,AI Tools List,https://contentbot.ai
2026-08-12T11:58:36.008036+00:00,ENTERPRISE,Typeface,Typeface,PRODUCT,1.0,AI Tools List,https://www.typeface.ai
2026-08-12T11:58:36.008043+00:00,FREEMIUM,Remagine Ai,Remagineai,PRODUCT,1.0,AI Tools List,https://remagineai.com
2026-08-12T11:58:36.008051+00:00,FREEMIUM,Copylime Com,Copylime,PRODUCT,1.0,AI Tools List,https://copylime.com/
2026-08-12T11:58:36.008058+00:00,FREEMIUM,Bria,Bria,PRODUCT,1.0,AI Tools List,https://bria.ai
2026-08-12T11:58:36.008067+00:00,FREEMIUM,Postly,Postly,PRODUCT,1.0,AI Tools List,https://postly.ai
2026-08-12T11:58:36.008074+00:00,FREEMIUM,Copymatic,Copymatic,PRODUCT,1.0,AI Tools List,https://copymatic.ai/
2026-08-12T11:58:36.008080+00:00,FREE,Optimo,Askoptimo,PRODUCT,1.0,AI Tools List,https://askoptimo.com
2026-08-12T11:58:36.008087+00:00,FREEMIUM,Voolt,Voolt,PRODUCT,1.0,AI Tools List,https://voolt.com
2026-08-12T11:58:36.008095+00:00,FREEMIUM,Fibr Ai,Fibr,PRODUCT,1.0,AI Tools List,https://fibr.ai
2026-08-12T11:58:36.008102+00:00,FREEMIUM,Ugc Ads Ai,Ugcads,PRODUCT,1.0,AI Tools List,https://ugcads.ai
2026-08-12T11:58:36.008109+00:00,FREEMIUM,Boolvideo,Boolv,PRODUCT,1.0,AI Tools List,https://boolv.video/
2026-08-12T11:58:36.008116+00:00,FREEMIUM,Plai Io,App,PRODUCT,1.0,AI Tools List,https://app.plai.io/
2026-08-12T11:58:36.008123+00:00,FREEMIUM,Marketingblocks Ai,Hey,PRODUCT,1.0,AI Tools List,https://hey.marketingblocks.ai
2026-08-12T11:58:36.008131+00:00,FREEMIUM,Propertysimple Com,Propertysimple,PRODUCT,1.0,AI Tools List,https://propertysimple.com
2026-08-12T11:58:36.008139+00:00,FREEMIUM,Go Charlie,Gocharlie,PRODUCT,1.0,AI Tools List,https://gocharlie.ai
2026-08-12T11:58:36.008145+00:00,FREEMIUM,Smartli,Smartli,PRODUCT,1.0,AI Tools List,https://smartli.partnerlinks.io/h0c9k7wur47b
2026-08-12T11:58:36.008152+00:00,FREEMIUM,Jounce,Jounce,PRODUCT,1.0,AI Tools List,https://www.jounce.ai
2026-08-12T11:58:36.008159+00:00,FREEMIUM,Speedy,Speedybrand,PRODUCT,1.0,AI Tools List,https://speedybrand.io
2026-08-12T11:58:36.008167+00:00,FREEMIUM,Typeframes,Typeframes,PRODUCT,1.0,AI Tools List,https://www.typeframes.com
2026-08-12T11:58:36.008175+00:00,FREEMIUM,Skyline Social S Ai Marketing Assistant,Skylinesocial,PRODUCT,1.0,AI Tools List,https://www.skylinesocial.com/ai-marketing-assistant
2026-08-12T11:58:36.008182+00:00,FREEMIUM,Seede Ai,Seede,PRODUCT,1.0,AI Tools List,https://seede.ai
2026-08-12T11:58:36.008189+00:00,FREEMIUM,Adwisely Com,Adwisely,PRODUCT,1.0,AI Tools List,https://adwisely.com
2026-08-12T11:58:36.008198+00:00,FREEMIUM,Cornucopia Ai The Ai App Store,Cornucopia-Ai,PRODUCT,1.0,AI Tools List,https://www.cornucopia-ai.com
2026-08-12T11:58:36.008205+00:00,FREEMIUM,Giti Ai,Giti,PRODUCT,1.0,AI Tools List,https://www.giti.ai
2026-08-12T11:58:36.008214+00:00,FREEMIUM,Marketer Tech,Marketer,PRODUCT,1.0,AI Tools List,https://marketer.tech
2026-08-12T11:58:36.008222+00:00,FREEMIUM,Postcrest,Postcrest,PRODUCT,1.0,AI Tools List,https://postcrest.com
2026-08-12T11:58:36.008231+00:00,FREEMIUM,Lucas Ai Video Creator,Idomoo,PRODUCT,1.0,AI Tools List,https://www.idomoo.ai
2026-08-12T11:58:36.008238+00:00,FREEMIUM,Groweasy,Groweasy,PRODUCT,1.0,AI Tools List,https://groweasy.ai
2026-08-12T11:58:36.008246+00:00,FREEMIUM,Adspolar,Adspolar,PRODUCT,1.0,AI Tools List,https://adspolar.com/en
2026-08-12T11:58:36.008253+00:00,FREEMIUM,Viva Labs,Vivalabs,PRODUCT,1.0,AI Tools List,https://vivalabs.ai
2026-08-12T11:58:36.008260+00:00,FREEMIUM,Cowriter,Cowriter,PRODUCT,1.0,AI Tools List,https://cowriter.org
2026-08-12T11:58:36.008267+00:00,FREEMIUM,Viralvideo,Viralvideo,PRODUCT,1.0,AI Tools List,https://viralvideo.app
2026-08-12T11:58:36.008274+00:00,FREEMIUM,Addlly Ai,Addlly,PRODUCT,1.0,AI Tools List,https://addlly.ai
2026-08-12T11:58:36.008281+00:00,FREEMIUM,Productiai Co,Productiai,PRODUCT,1.0,AI Tools List,https://productiai.co
2026-08-12T11:58:36.008288+00:00,FREEMIUM,Vplate Video Ads Chat Gpt Plugin,Vplate,PRODUCT,1.0,AI Tools List,https://vplate.io
2026-08-12T11:58:36.008299+00:00,FREEMIUM,Copygenius Io,Copygenius,PRODUCT,1.0,AI Tools List,https://copygenius.io
2026-08-12T11:58:36.008306+00:00,FREEMIUM,Ai Kat,Aikat,PRODUCT,1.0,AI Tools List,https://www.aikat.ai
2026-08-12T11:58:36.008313+00:00,FREEMIUM,Aiter Io,Aiter,PRODUCT,1.0,AI Tools List,https://aiter.io
2026-08-12T11:58:36.008320+00:00,FREEMIUM,Ecommerce Prompt Generator,Ecommerceprompts,PRODUCT,1.0,AI Tools List,https://www.ecommerceprompts.com
2026-08-12T11:58:36.008327+00:00,FREE,Atozaitools,Dateplanner,PRODUCT,1.0,AI Tools List,https://dateplanner.ai
2026-08-12T11:58:36.008334+00:00,FREEMIUM,Ai Keeda,Aikeeda,PRODUCT,1.0,AI Tools List,https://www.aikeeda.com
2026-08-12T11:58:36.008341+00:00,FREEMIUM,Vsl Ai,Vsl,PRODUCT,1.0,AI Tools List,https://vsl.ai
2026-08-12T11:58:36.008349+00:00,FREEMIUM,Persuva Ai,Persuva,PRODUCT,1.0,AI Tools List,https://persuva.ai/
2026-08-12T11:58:36.008356+00:00,FREEMIUM,Waveai Ai Editor,Waveai,PRODUCT,1.0,AI Tools List,https://waveai.io
2026-08-12T11:58:36.008364+00:00,FREEMIUM,Open Agent Cloud Antler F24,Cheatlayer,PRODUCT,1.0,AI Tools List,https://cheatlayer.com
2026-08-12T11:58:36.008374+00:00,FREEMIUM,Simplified Co,Simplified,PRODUCT,1.0,AI Tools List,https://simplified.co
2026-08-12T11:58:36.008381+00:00,FREEMIUM,Whatmore Live,App,PRODUCT,1.0,AI Tools List,https://app.partnerjam.com/install
2026-08-12T11:58:36.008388+00:00,FREEMIUM,Jeeves Ai,Jeeves,PRODUCT,1.0,AI Tools List,https://jeeves.ai
2026-08-12T11:58:36.008396+00:00,FREEMIUM,Growf Ai,Growf,PRODUCT,1.0,AI Tools List,https://www.growf.io
2026-08-12T11:58:36.008402+00:00,FREE,Bannsai,Banns,PRODUCT,1.0,AI Tools List,https://banns.ai
2026-08-12T11:58:36.008409+00:00,FREEMIUM,Flamel Ai,Flamel,PRODUCT,1.0,AI Tools List,https://www.flamel.ai
2026-08-12T11:58:36.008415+00:00,FREEMIUM,Muku Ai,Muku,PRODUCT,1.0,AI Tools List,https://muku.ai
2026-08-12T11:58:36.008423+00:00,FREEMIUM,Muku Ai 1,Muku,PRODUCT,1.0,AI Tools List,https://muku.ai/
2026-08-12T11:58:36.008430+00:00,FREEMIUM,Zappit Ai,Zappit,PRODUCT,1.0,AI Tools List,https://zappit.ai
2026-08-12T11:58:36.008437+00:00,FREEMIUM,Underline Ai,Underline,PRODUCT,1.0,AI Tools List,https://underline.ai
2026-08-12T11:58:36.008444+00:00,FREEMIUM,Echo Memo,Echomemo,PRODUCT,1.0,AI Tools List,https://www.echomemo.vip/en
2026-08-12T11:58:36.008452+00:00,FREEMIUM,Yaara Ai,Yaara,PRODUCT,1.0,AI Tools List,https://yaara.ai/
2026-08-12T11:58:36.008459+00:00,FREEMIUM,Spicytool,Spicytool,PRODUCT,1.0,AI Tools List,https://spicytool.net/en
2026-08-12T11:58:36.008466+00:00,FREEMIUM,Rocketai,Rocketai,PRODUCT,1.0,AI Tools List,https://rocketai.io
2026-08-12T11:58:36.008473+00:00,FREEMIUM,2Vid,2Vid,PRODUCT,1.0,AI Tools List,https://www.2vid.ai
2026-08-12T11:58:36.008479+00:00,FREEMIUM,Kartiv,Kartiv,PRODUCT,1.0,AI Tools List,https://www.kartiv.com
2026-08-12T11:58:36.008487+00:00,FREEMIUM,Viscap Ai,Viscap,PRODUCT,1.0,AI Tools List,https://viscap.ai
2026-08-12T11:58:36.008494+00:00,FREEMIUM,Humai In,Humai,PRODUCT,1.0,AI Tools List,https://humai.in/
2026-08-12T11:58:36.008500+00:00,FREEMIUM,Caseo Ai,Caseo,PRODUCT,1.0,AI Tools List,https://caseo.ai
2026-08-12T11:58:36.008508+00:00,FREEMIUM,Vmeg Clips To Videos,Vmeg,PRODUCT,1.0,AI Tools List,https://www.vmeg.ai/tools/clips-to-videos/
2026-08-12T11:58:36.008515+00:00,FREEMIUM,Creativai,Appsumo,PRODUCT,1.0,AI Tools List,https://appsumo.8odi.net/m57LVa
2026-08-12T11:58:36.008522+00:00,FREEMIUM,Geniusgate,Geniusgate,PRODUCT,1.0,AI Tools List,https://geniusgate.ai
2026-08-12T11:58:36.008529+00:00,FREEMIUM,Streamr,Streamr,PRODUCT,1.0,AI Tools List,https://streamr.ai
2026-08-12T11:58:36.008536+00:00,FREEMIUM,Copywhiz Ai,Copywhiz,PRODUCT,1.0,AI Tools List,https://copywhiz.ai
2026-08-12T11:58:36.008544+00:00,FREEMIUM,Automate Your Image With Bannerify,Bannerify,PRODUCT,1.0,AI Tools List,https://bannerify.co
2026-08-12T11:58:36.008551+00:00,FREEMIUM,Roya Ai,Getroya,PRODUCT,1.0,AI Tools List,https://getroya.io/
2026-08-12T11:58:36.008558+00:00,FREEMIUM,Sprout Ai,App,PRODUCT,1.0,AI Tools List,https://app.sprout.com.br//
2026-08-12T11:58:36.008566+00:00,FREEMIUM,Listingcopy Ai,Listingcopy,PRODUCT,1.0,AI Tools List,https://listingcopy.ai
2026-08-12T11:58:36.008574+00:00,FREEMIUM,Marketerspen,Marketerspen,PRODUCT,1.0,AI Tools List,https://marketerspen.com
2026-08-12T11:58:36.008581+00:00,FREEMIUM,Auraticai,Auraticai,PRODUCT,1.0,AI Tools List,https://www.auraticai.com/register
2026-08-12T11:58:36.008587+00:00,FREEMIUM,Sprello,Sprello,PRODUCT,1.0,AI Tools List,https://sprello.ai
2026-08-12T11:58:36.008595+00:00,FREEMIUM,Hoshai,Hoshai,PRODUCT,1.0,AI Tools List,https://hoshai.com
2026-08-12T11:58:36.008603+00:00,FREEMIUM,Copy Genius,Trycopygenius,PRODUCT,1.0,AI Tools List,https://trycopygenius.com
2026-08-12T11:58:36.008610+00:00,FREEMIUM,Supergpt,Supergpt,PRODUCT,1.0,AI Tools List,https://www.supergpt.com
2026-08-12T11:58:36.008617+00:00,FREEMIUM,Vapa Ai,Vapa,PRODUCT,1.0,AI Tools List,https://vapa.ai
2026-08-12T11:58:36.008625+00:00,FREEMIUM,Showhype,Showhype,PRODUCT,1.0,AI Tools List,https://www.showhype.ai
2026-08-12T11:58:36.008631+00:00,FREE,Jaxo Ai,Jaxo,PRODUCT,1.0,AI Tools List,https://jaxo.ai
2026-08-12T11:58:36.008638+00:00,FREEMIUM,Dittto,Dittto,PRODUCT,1.0,AI Tools List,https://dittto.ai
2026-08-12T11:58:36.008645+00:00,FREEMIUM,Askcory Ai,Askcory,PRODUCT,1.0,AI Tools List,https://www.askcory.ai
2026-08-12T11:58:36.008653+00:00,FREEMIUM,Markey Ai,Markey,PRODUCT,1.0,AI Tools List,https://www.markey.ai
2026-08-12T11:58:36.008660+00:00,FREEMIUM,Editby,Editby,PRODUCT,1.0,AI Tools List,https://editby.ai
2026-08-12T11:58:36.008669+00:00,FREEMIUM,Aieasyuse,Aieasyuse,PRODUCT,1.0,AI Tools List,https://www.aieasyuse.com
2026-08-12T11:58:36.008676+00:00,FREEMIUM,Pandarocket Ai Suite,Pandarocket,PRODUCT,1.0,AI Tools List,https://www.pandarocket.ai
2026-08-12T11:58:36.008684+00:00,FREEMIUM,Certy Ai,Certyai,PRODUCT,1.0,AI Tools List,https://www.certyai.com
2026-08-12T11:58:36.008694+00:00,FREEMIUM,Nexmind,Nexmind,PRODUCT,1.0,AI Tools List,https://www.nexmind.ai
2026-08-12T11:58:36.008702+00:00,FREEMIUM,Mai,Maiwriter,PRODUCT,1.0,AI Tools List,https://www.maiwriter.com
2026-08-12T11:58:36.008709+00:00,FREEMIUM,Bannergate Ai,Bannergate,PRODUCT,1.0,AI Tools List,https://www.bannergate.ai
2026-08-12T11:58:36.008715+00:00,FREEMIUM,Krut Ai,Krut,PRODUCT,1.0,AI Tools List,https://krut.ai
2026-08-12T11:58:36.008723+00:00,FREEMIUM,Studio Neiro Ai,Studio,PRODUCT,1.0,AI Tools List,https://studio.neiro.ai/
2026-08-12T11:58:36.008731+00:00,FREEMIUM,Adbuilder Ai,Adbuilder,PRODUCT,1.0,AI Tools List,https://adbuilder.io
2026-08-12T11:58:36.008738+00:00,FREEMIUM,Social360,Social360,PRODUCT,1.0,AI Tools List,https://www.social360.ai
2026-08-12T11:58:36.008745+00:00,FREEMIUM,Marmof,Marmof,PRODUCT,1.0,AI Tools List,https://marmof.com/
2026-08-12T11:58:36.008754+00:00,FREEMIUM,Planpost Ai Best Ai Content Generator,Planpostai,PRODUCT,1.0,AI Tools List,https://planpostai.com
2026-08-12T11:58:36.008762+00:00,FREEMIUM,Typeflowai,Typeflowai,PRODUCT,1.0,AI Tools List,https://typeflowai.com
2026-08-12T11:58:36.008768+00:00,FREEMIUM,Dinuai,App,PRODUCT,1.0,AI Tools List,https://app.dinuai.com
2026-08-12T11:58:36.008776+00:00,FREEMIUM,Copyshark Ai,Copyshark,PRODUCT,1.0,AI Tools List,https://copyshark.ai
2026-08-12T11:58:36.008784+00:00,FREEMIUM,Xbuilder Ai,Xbuilder,PRODUCT,1.0,AI Tools List,https://xbuilder.ai
2026-08-12T11:58:36.008791+00:00,FREEMIUM,Seogeek,Seogeek,PRODUCT,1.0,AI Tools List,https://seogeek.io
2026-08-12T11:58:36.008798+00:00,FREEMIUM,Epicly Ai,Epicly,PRODUCT,1.0,AI Tools List,https://www.epicly.ai
2026-08-12T11:58:36.008805+00:00,FREEMIUM,Autotext Ai,Autotext,PRODUCT,1.0,AI Tools List,https://autotext.app
2026-08-12T11:58:36.008812+00:00,FREEMIUM,Copyfrog Ai,Copyfrog,PRODUCT,1.0,AI Tools List,https://copyfrog.ai
2026-08-12T11:58:36.008819+00:00,FREEMIUM,Loopgenius Com,Loopgenius,PRODUCT,1.0,AI Tools List,https://loopgenius.com
2026-08-12T11:58:36.008830+00:00,FREEMIUM,Deeply Cz,Deeply,PRODUCT,1.0,AI Tools List,https://deeply.cz
2026-08-12T11:58:36.008837+00:00,FREEMIUM,Notey Ai,Notey,PRODUCT,1.0,AI Tools List,https://notey.ai
2026-08-12T11:58:36.008844+00:00,FREEMIUM,Sagui Ai,Sagui,PRODUCT,1.0,AI Tools List,https://sagui.ai
2026-08-12T11:58:36.008851+00:00,PAID,Vibrance,Vibrance,PRODUCT,1.0,AI Tools List,https://vibrance.design
2026-08-12T11:58:36.008858+00:00,FREEMIUM,Copypilot,Copypilot,PRODUCT,1.0,AI Tools List,https://www.copypilot.io/
2026-08-12T11:58:36.008866+00:00,FREEMIUM,Copyly,Copyly,PRODUCT,1.0,AI Tools List,https://www.copyly.io
2026-08-12T11:58:36.008874+00:00,FREEMIUM,Firebay Studios,Firebaystudios,PRODUCT,1.0,AI Tools List,https://www.firebaystudios.com
2026-08-12T11:58:36.008881+00:00,FREEMIUM,Neuron Make Ai,Neuronmake,PRODUCT,1.0,AI Tools List,https://neuronmake.com
2026-08-12T11:58:36.008888+00:00,FREEMIUM,Aiwrita,Aiwrita,PRODUCT,1.0,AI Tools List,https://aiwrita.com
2026-08-12T11:58:36.008896+00:00,FREEMIUM,Glorifyapp Com,Glorifyapp,PRODUCT,1.0,AI Tools List,https://glorifyapp.com
2026-08-12T11:58:36.008904+00:00,FREEMIUM,Lifemind,Lifemind,PRODUCT,1.0,AI Tools List,https://lifemind.ai
2026-08-12T11:58:36.008912+00:00,FREEMIUM,Deep Marketer,Deepmarketer,PRODUCT,1.0,AI Tools List,https://deepmarketer.ai
2026-08-12T11:58:36.008923+00:00,FREEMIUM,Whateverlogo,Whateverlogo,PRODUCT,1.0,AI Tools List,https://whateverlogo.com
2026-08-12T11:58:36.008933+00:00,FREEMIUM,Folktalk,Folktalk,PRODUCT,1.0,AI Tools List,https://www.folktalk.in
2026-08-12T11:58:36.008943+00:00,FREEMIUM,Ai Note Ai Writing Tool,Ainote,PRODUCT,1.0,AI Tools List,https://ainote.com.au
2026-08-12T11:58:36.008961+00:00,FREEMIUM,Arconar,Arconar,PRODUCT,1.0,AI Tools List,https://arconar.com
2026-08-12T11:58:36.008972+00:00,FREEMIUM,Optimyzee,Optimyzee,PRODUCT,1.0,AI Tools List,https://www.optimyzee.com
2026-08-12T11:58:36.008982+00:00,FREEMIUM,Getsleek Ai,Getsleek,PRODUCT,1.0,AI Tools List,https://getsleek.ai
2026-08-12T11:58:36.008991+00:00,FREEMIUM,On Target Ai,On-Target,PRODUCT,1.0,AI Tools List,https://on-target.ai
2026-08-12T11:58:36.009002+00:00,FREEMIUM,Glato Ai Beta,Glato,PRODUCT,1.0,AI Tools List,https://glato.ai
2026-08-12T11:58:36.009013+00:00,FREEMIUM,Rooftops Ai,Rooftops,PRODUCT,1.0,AI Tools List,https://rooftops.ai
2026-08-12T11:58:36.009021+00:00,FREEMIUM,Pacifis Ai,Pacifisai,PRODUCT,1.0,AI Tools List,https://pacifisai.com
2026-08-12T11:58:36.009030+00:00,FREEMIUM,Donakosy,Donakosy,PRODUCT,1.0,AI Tools List,https://www.Donakosy.com
2026-08-12T11:58:36.009036+00:00,FREEMIUM,Lek,Lek,PRODUCT,1.0,AI Tools List,https://lek.ai
2026-08-12T11:58:36.009044+00:00,FREEMIUM,Regem Ai Platform,Regemai,PRODUCT,1.0,AI Tools List,https://regemai.com
2026-08-12T11:58:36.009052+00:00,FREEMIUM,Friday Ai,Heyfriday,PRODUCT,1.0,AI Tools List,https://www.heyfriday.ai
2026-08-12T11:58:36.009059+00:00,FREEMIUM,Septimo Io,Septimo,PRODUCT,1.0,AI Tools List,https://septimo.io/register
2026-08-12T11:58:36.009068+00:00,FREEMIUM,Jaeves,Jaeves,PRODUCT,1.0,AI Tools List,https://jaeves.com
2026-08-12T11:58:36.009075+00:00,FREEMIUM,Aitorke,Aitorke,PRODUCT,1.0,AI Tools List,https://www.aitorke.com/
2026-08-12T11:58:36.009083+00:00,FREEMIUM,Ideaaize,Ideaaize,PRODUCT,1.0,AI Tools List,https://ideaaize.com
2026-08-12T11:58:36.009090+00:00,FREEMIUM,Copypage,Copypage,PRODUCT,1.0,AI Tools List,https://www.copypage.online
2026-08-12T11:58:36.009098+00:00,FREEMIUM,Hireyay,Hireyay,PRODUCT,1.0,AI Tools List,https://hireyay.com
2026-08-12T11:58:36.009105+00:00,FREEMIUM,Artiro,Artiro,PRODUCT,1.0,AI Tools List,https://artiro.app
2026-08-12T11:58:36.009112+00:00,FREEMIUM,Vossle,Vossle,PRODUCT,1.0,AI Tools List,https://www.vossle.com
2026-08-12T11:58:36.009120+00:00,FREEMIUM,Aioai,Aioai,PRODUCT,1.0,AI Tools List,https://aioai.co
2026-08-12T11:58:36.009128+00:00,FREEMIUM,Clevopyai,Clevopy,PRODUCT,1.0,AI Tools List,https://clevopy.ai/
2026-08-12T11:58:36.009136+00:00,FREEMIUM,Aug X Labs Ai Video Editing,Augxlabs,PRODUCT,1.0,AI Tools List,https://www.augxlabs.com
2026-08-12T11:58:36.009144+00:00,FREEMIUM,Writenow Ai,Writenowai,PRODUCT,1.0,AI Tools List,https://writenowai.com
2026-08-12T11:58:36.009152+00:00,FREEMIUM,Pro Writing Kit,Prowritingkit,PRODUCT,1.0,AI Tools List,https://prowritingkit.com
2026-08-12T11:58:36.009160+00:00,FREEMIUM,Mypromptstudio,Mypromptstudio,PRODUCT,1.0,AI Tools List,https://www.mypromptstudio.com
2026-08-12T11:58:36.009168+00:00,FREEMIUM,Marketer Geni,Marketergeni,PRODUCT,1.0,AI Tools List,https://marketergeni.com
2026-08-12T11:58:36.009175+00:00,FREEMIUM,Templify Ai,Templify,PRODUCT,1.0,AI Tools List,https://templify.ai
2026-08-12T11:58:36.009183+00:00,FREEMIUM,Scanlist,Scanlist,PRODUCT,1.0,AI Tools List,https://scanlist.ai
2026-08-12T11:58:36.009190+00:00,FREEMIUM,Starsky Ai,Starsky,PRODUCT,1.0,AI Tools List,https://starsky.pro
2026-08-12T11:58:36.009199+00:00,FREEMIUM,Cretorial Ai,Cretorial,PRODUCT,1.0,AI Tools List,https://www.cretorial.ai
2026-08-12T11:58:36.009207+00:00,FREEMIUM,Flapper Ai,Flapper,PRODUCT,1.0,AI Tools List,https://flapper.ai
2026-08-12T11:58:36.009215+00:00,FREEMIUM,Spyro Ai,Spyro,PRODUCT,1.0,AI Tools List,https://spyro.ai
2026-08-12T11:58:36.009223+00:00,FREEMIUM,Jiandikie,Jiandikie,PRODUCT,1.0,AI Tools List,https://www.jiandikie.com
2026-08-12T11:58:36.009230+00:00,FREEMIUM,Copygen,Copygen,PRODUCT,1.0,AI Tools List,https://copygen.xyz
2026-08-12T11:58:36.009239+00:00,PAID,Conceptai,Conceptai,PRODUCT,1.0,AI Tools List,https://conceptai.app
2026-08-12T11:58:36.009246+00:00,FREEMIUM,Clearmix,Clearmix,PRODUCT,1.0,AI Tools List,https://clearmix.com
2026-08-12T11:58:36.009253+00:00,FREEMIUM,Ai Wrytr,Aiwrytr,PRODUCT,1.0,AI Tools List,https://aiwrytr.com
2026-08-12T11:58:36.009261+00:00,FREEMIUM,Ai Product Tools,Aiproducttools,PRODUCT,1.0,AI Tools List,https://www.aiproducttools.com
2026-08-12T11:58:36.009269+00:00,FREEMIUM,Fresho,Fresho,PRODUCT,1.0,AI Tools List,https://fresho.dev
2026-08-12T11:58:36.009277+00:00,FREEMIUM,Make Content,Makecontent,PRODUCT,1.0,AI Tools List,https://makecontent.net
2026-08-12T11:58:36.009284+00:00,FREEMIUM,Freelino,Freelino,PRODUCT,1.0,AI Tools List,https://freelino.com
2026-08-12T11:58:36.009292+00:00,FREEMIUM,Insertchatgpt,Insertchatgpt,PRODUCT,1.0,AI Tools List,https://insertchatgpt.com/
2026-08-12T11:58:36.009300+00:00,FREEMIUM,Collider Ai,Cldr,PRODUCT,1.0,AI Tools List,https://cldr.ai
2026-08-12T11:58:36.009307+00:00,FREEMIUM,Maso Ai,Masoai,PRODUCT,1.0,AI Tools List,https://masoai.com
2026-08-12T11:58:36.009315+00:00,FREEMIUM,Clarityscribe Ai,Clarityscribe,PRODUCT,1.0,AI Tools List,https://www.clarityscribe.com
2026-08-12T11:58:36.009324+00:00,FREEMIUM,Lilybank Ai,Lilybankai,PRODUCT,1.0,AI Tools List,https://lilybankai.com
2026-08-12T11:58:36.009331+00:00,FREEMIUM,Quickpenai,Quickpenai,PRODUCT,1.0,AI Tools List,https://quickpenai.com/
2026-08-12T11:58:36.009339+00:00,FREEMIUM,Aipakistani,Aipakistani,PRODUCT,1.0,AI Tools List,https://aipakistani.com
2026-08-12T11:58:36.009346+00:00,FREEMIUM,Wordspilot,Codewp,PRODUCT,1.0,AI Tools List,https://codewp.ai/
2026-08-12T11:58:36.009354+00:00,FREEMIUM,Jaydee Ai,Jaydeeai,PRODUCT,1.0,AI Tools List,https://jaydeeai.com
2026-08-12T11:58:36.009362+00:00,FREEMIUM,Ai Thingy,Aithingy,PRODUCT,1.0,AI Tools List,https://aithingy.co
2026-08-12T11:58:36.009369+00:00,FREEMIUM,Cluc Io,Cluc,PRODUCT,1.0,AI Tools List,https://cluc.io
2026-08-12T11:58:36.009378+00:00,FREEMIUM,Writechamp Io,Writechamp,PRODUCT,1.0,AI Tools List,https://writechamp.io
2026-08-12T11:58:36.009385+00:00,FREEMIUM,Codest,Wcodest,PRODUCT,1.0,AI Tools List,https://wcodest.com
2026-08-12T11:58:36.009393+00:00,FREEMIUM,Appai,Appai,PRODUCT,1.0,AI Tools List,https://appai.co.uk
2026-08-12T11:58:36.009400+00:00,FREEMIUM,Promptext,Promptext,PRODUCT,1.0,AI Tools List,https://promptext.io
2026-08-12T11:58:36.009408+00:00,FREEMIUM,Motionscribe,Motionscribe,PRODUCT,1.0,AI Tools List,https://motionscribe.lemonsqueezy.com
2026-08-12T11:58:36.009416+00:00,FREEMIUM,Chatwizard 1 Click Chatgpt Prompts,Chatwizard,PRODUCT,1.0,AI Tools List,https://chatwizard.online
2026-08-12T11:58:36.009424+00:00,FREEMIUM,Ai Scribe Pro,Aiscribepro,PRODUCT,1.0,AI Tools List,https://aiscribepro.com
2026-08-12T11:58:36.009432+00:00,FREEMIUM,Writeai Tech,Writeai,PRODUCT,1.0,AI Tools List,https://writeai.tech
2026-08-12T11:58:36.009439+00:00,FREEMIUM,Disperto,Ai,PRODUCT,1.0,AI Tools List,https://ai.disperto.com/
2026-08-12T11:58:36.009446+00:00,FREEMIUM,Govoice,Govoice,PRODUCT,1.0,AI Tools List,https://govoice.app
2026-08-12T11:58:36.009799+00:00,FREEMIUM,Ai Speeder,Ai-Speeder,PRODUCT,1.0,AI Tools List,https://ai-speeder.com/
2026-08-12T11:58:36.009807+00:00,FREEMIUM,Toolsit,Toolsit,PRODUCT,1.0,AI Tools List,https://toolsit.ai
2026-08-12T11:58:36.009815+00:00,FREEMIUM,Ailora Ai,Ailora,PRODUCT,1.0,AI Tools List,https://ailora.io
2026-08-12T11:58:36.009832+00:00,FREEMIUM,Writebyai,App,PRODUCT,1.0,AI Tools List,https://app.writebyai.com/
2026-08-12T11:58:36.009838+00:00,FREEMIUM,Amzx,Amzx,PRODUCT,1.0,AI Tools List,https://amzx.io
2026-08-12T11:58:36.009846+00:00,FREEMIUM,Airychat,Airychat,PRODUCT,1.0,AI Tools List,https://airychat.com
2026-08-12T11:58:36.009854+00:00,FREEMIUM,Reedit,Reedit,PRODUCT,1.0,AI Tools List,https://reedit.app
2026-08-12T11:58:36.009861+00:00,FREEMIUM,Writeturbo,Writeturbo,PRODUCT,1.0,AI Tools List,https://writeturbo.com
2026-08-12T11:58:36.009870+00:00,FREEMIUM,Texthub Ai,Texthubai,PRODUCT,1.0,AI Tools List,https://www.texthubai.com
2026-08-12T11:58:36.009877+00:00,FREEMIUM,Writebot Ai,Aiwritertool,PRODUCT,1.0,AI Tools List,https://aiwritertool.org
2026-08-12T11:58:36.009884+00:00,FREEMIUM,Somantic Ai,Somanticai,PRODUCT,1.0,AI Tools List,https://www.somanticai.com
2026-08-12T11:58:36.009892+00:00,FREEMIUM,Mindmeldcanvas Ai,Mindmeldcanvas,PRODUCT,1.0,AI Tools List,https://mindmeldcanvas.com
2026-08-12T11:58:36.009899+00:00,FREEMIUM,Ai Writing Assistant,Jotterspad,PRODUCT,1.0,AI Tools List,https://www.jotterspad.com
2026-08-12T11:58:36.009906+00:00,FREEMIUM,Scribfy,Scribfy,PRODUCT,1.0,AI Tools List,https://www.scribfy.app
2026-08-12T11:58:36.009914+00:00,FREEMIUM,Impulse Ai,Impulseai,PRODUCT,1.0,AI Tools List,https://impulseai.io
2026-08-12T11:58:36.009921+00:00,FREEMIUM,Jat Ai Hub,Ai,PRODUCT,1.0,AI Tools List,https://ai.jat.link/locale/en
2026-08-12T11:58:36.009929+00:00,FREEMIUM,Wordadai,Wordadai,PRODUCT,1.0,AI Tools List,https://wordadai.com
2026-08-12T11:58:36.009936+00:00,FREEMIUM,Typerrr Com,Typerrr,PRODUCT,1.0,AI Tools List,https://typerrr.com
2026-08-12T11:58:36.009944+00:00,FREEMIUM,Uvoh Com,Uvoh,PRODUCT,1.0,AI Tools List,https://uvoh.com
2026-08-12T11:58:36.009951+00:00,FREEMIUM,Reetail Store,Reetail,PRODUCT,1.0,AI Tools List,https://reetail.store
2026-08-12T11:58:36.009958+00:00,FREEMIUM,Nando Ai,Nando,PRODUCT,1.0,AI Tools List,https://nando.ai
2026-08-12T11:58:36.009967+00:00,FREEMIUM,Enginewp Elevate Your Website,Enginewp,PRODUCT,1.0,AI Tools List,https://enginewp.com
2026-08-12T11:58:36.009974+00:00,FREEMIUM,Logic Lister Ai,Logiclister,PRODUCT,1.0,AI Tools List,https://Logiclister.com
2026-08-12T11:58:36.009983+00:00,FREEMIUM,Feather Ai,App,PRODUCT,1.0,AI Tools List,https://app.feather-ai.io/s_inscrire
2026-08-12T11:58:36.009990+00:00,FREEMIUM,Openaidonakosy,Openaidonakosy,PRODUCT,1.0,AI Tools List,https://www.OpenAIDonakosy.com
2026-08-12T11:58:36.009998+00:00,FREEMIUM,Friz,Usefriz,PRODUCT,1.0,AI Tools List,https://www.usefriz.com
2026-08-12T11:58:36.010005+00:00,FREE,E Commerce Ai,Ecommerce-Ai,PRODUCT,1.0,AI Tools List,https://ecommerce-ai.net
2026-08-12T11:58:36.010012+00:00,FREEMIUM,Contenthubai Com,Contenthubai,PRODUCT,1.0,AI Tools List,https://contenthubai.com
2026-08-12T11:58:36.010020+00:00,FREEMIUM,Writarai,Writarai,PRODUCT,1.0,AI Tools List,https://writarai.com
2026-08-12T11:58:36.010027+00:00,FREEMIUM,Crea De Xmetaverso,Crea,PRODUCT,1.0,AI Tools List,https://crea.xmetaverso.com
2026-08-12T11:58:36.010036+00:00,FREEMIUM,Doerplan Automated Marketing Strategies,Doerplan,PRODUCT,1.0,AI Tools List,https://www.doerplan.com
2026-08-12T11:58:36.010043+00:00,FREEMIUM,Synapso Ai,Synapso,PRODUCT,1.0,AI Tools List,https://synapso.ai
2026-08-12T11:58:36.010051+00:00,FREEMIUM,Magicads Ai,Magicads,PRODUCT,1.0,AI Tools List,https://magicads.ai
2026-08-12T11:58:36.010058+00:00,FREEMIUM,Sora Video Ai,Soravideo,PRODUCT,1.0,AI Tools List,https://soravideo.ai
2026-08-12T11:58:36.010066+00:00,FREEMIUM,M Ai Mymarketing Ai,Mymarketing-Ai,PRODUCT,1.0,AI Tools List,https://mymarketing-ai.app
2026-08-12T11:58:36.010074+00:00,FREEMIUM,Producthero Ai,Producthero,PRODUCT,1.0,AI Tools List,https://producthero.ai
2026-08-12T11:58:36.010081+00:00,FREEMIUM,Getresponse Fr,Getresponse,PRODUCT,1.0,AI Tools List,https://www.getresponse.com
2026-08-12T11:58:36.010088+00:00,FREEMIUM,Gaxu,Gaxu,PRODUCT,1.0,AI Tools List,https://gaxu.swai.ai
2026-08-12T11:58:36.010095+00:00,FREEMIUM,Expert Robot Pro,Expertrobot,PRODUCT,1.0,AI Tools List,https://expertrobot.pro
2026-08-12T11:58:36.010103+00:00,FREEMIUM,Ramban Ai,Ramban,PRODUCT,1.0,AI Tools List,https://www.ramban.ai
2026-08-12T11:58:36.010110+00:00,FREEMIUM,Hopprz,Hopprz,PRODUCT,1.0,AI Tools List,https://hopprz.com
2026-08-12T11:58:36.010117+00:00,FREEMIUM,Boostrbot,Boostrbot,PRODUCT,1.0,AI Tools List,https://boostrbot.com/register
2026-08-12T11:58:36.010125+00:00,FREEMIUM,Gen Master,Genmaster,PRODUCT,1.0,AI Tools List,https://genmaster.ai/register
2026-08-12T11:58:36.010133+00:00,FREEMIUM,Autron Ai,Autron,PRODUCT,1.0,AI Tools List,https://autron.io/
2026-08-12T11:58:36.010140+00:00,FREEMIUM,Ai Content Idea Generator,Lazywrite,PRODUCT,1.0,AI Tools List,https://lazywrite.com
2026-08-12T11:58:36.010147+00:00,FREEMIUM,Weexai,Weexai,PRODUCT,1.0,AI Tools List,https://weexai.com
2026-08-12T11:58:36.010155+00:00,FREEMIUM,Darwin Studio,Darwinstudio,PRODUCT,1.0,AI Tools List,https://www.darwinstudio.ai
2026-08-12T11:58:36.010162+00:00,FREEMIUM,Ai Genius Writer Ecommerce Writing,Aigeniuswriter,PRODUCT,1.0,AI Tools List,https://aigeniuswriter.com
2026-08-12T11:58:36.010170+00:00,FREEMIUM,Heenok,Heenok,PRODUCT,1.0,AI Tools List,https://heenok.com
2026-08-12T11:58:36.010177+00:00,FREEMIUM,Copie,Copie,PRODUCT,1.0,AI Tools List,https://copie.io
2026-08-12T11:58:36.010184+00:00,FREEMIUM,Datagems,Datagems,PRODUCT,1.0,AI Tools List,https://datagems.ai
2026-08-12T11:58:36.010191+00:00,FREEMIUM,Meduza Ai,Aimeduza,PRODUCT,1.0,AI Tools List,https://aimeduza.com
2026-08-12T11:58:36.010198+00:00,FREE,Imitate Ai,Imipics,PRODUCT,1.0,AI Tools List,https://www.imipics.ai
2026-08-12T11:58:36.010206+00:00,FREEMIUM,Siuuu Ai,App,PRODUCT,1.0,AI Tools List,https://app.siuuu.ai/
2026-08-12T11:58:36.010213+00:00,FREEMIUM,Sage Marketer Data,Sage-Marketer,PRODUCT,1.0,AI Tools List,https://sage-marketer.com
2026-08-12T11:58:36.010221+00:00,FREEMIUM,Colocio Ai,Colocio,PRODUCT,1.0,AI Tools List,https://www.colocio.com
2026-08-12T11:58:36.010228+00:00,FREEMIUM,Ai Wizard,Aiwizard,PRODUCT,1.0,AI Tools List,https://aiwizard.live
2026-08-12T11:58:36.010236+00:00,FREEMIUM,Geniusmindsai,Geniusmindsai,PRODUCT,1.0,AI Tools List,https://www.geniusmindsai.com/
2026-08-12T11:58:36.010243+00:00,FREEMIUM,Asseto,Asseto,PRODUCT,1.0,AI Tools List,https://asseto.tools
2026-08-12T11:58:36.010250+00:00,FREEMIUM,Momoai Art,Momoai,PRODUCT,1.0,AI Tools List,https://momoai.art
2026-08-12T11:58:36.010258+00:00,FREEMIUM,Baklavai Com,Baklavai,PRODUCT,1.0,AI Tools List,https://baklavai.com
2026-08-12T11:58:36.010265+00:00,FREEMIUM,Copywriterpro,Copywriterpro,PRODUCT,1.0,AI Tools List,https://copywriterpro.ai
2026-08-12T11:58:36.010273+00:00,FREEMIUM,Sprkr,Sprkr,PRODUCT,1.0,AI Tools List,https://sprkr.it
2026-08-12T11:58:36.010280+00:00,FREEMIUM,Cannypen,Cannypen,PRODUCT,1.0,AI Tools List,https://cannypen.com
2026-08-12T11:58:36.010288+00:00,FREEMIUM,Atbridges,Atbridges,PRODUCT,1.0,AI Tools List,https://atbridges.ai
2026-08-12T11:58:36.010295+00:00,FREEMIUM,Write Label,Writelabel,PRODUCT,1.0,AI Tools List,https://writelabel.ai
2026-08-12T11:58:36.010302+00:00,FREEMIUM,Marevo,Marevo,PRODUCT,1.0,AI Tools List,https://marevo.io
2026-08-12T11:58:36.010309+00:00,FREEMIUM,Instapg Es,Instapg,PRODUCT,1.0,AI Tools List,https://instapg.es
2026-08-12T11:58:36.010317+00:00,FREEMIUM,Zeedle Ai,Zeedleai,PRODUCT,1.0,AI Tools List,https://zeedleai.com
2026-08-12T11:58:36.010324+00:00,FREEMIUM,Qovai,Qovai,PRODUCT,1.0,AI Tools List,https://qovai.com
2026-08-12T11:58:36.010331+00:00,FREEMIUM,Pleasureye,Pleasureye,PRODUCT,1.0,AI Tools List,https://pleasureye.com
2026-08-12T11:58:36.010339+00:00,FREEMIUM,Skriptify,Arnaudlabs,PRODUCT,1.0,AI Tools List,https://arnaudlabs.lemonsqueezy.com
2026-08-12T11:58:36.010346+00:00,FREEMIUM,Birdseye,Birdseyeglobal,PRODUCT,1.0,AI Tools List,https://birdseyeglobal.com
2026-08-12T11:58:36.010354+00:00,FREEMIUM,Floxi Io,Floxi,PRODUCT,1.0,AI Tools List,https://floxi.io
2026-08-12T11:58:36.010362+00:00,FREEMIUM,Turbo Generate,Turbogenerate,PRODUCT,1.0,AI Tools List,https://turbogenerate.com
2026-08-12T11:58:36.010369+00:00,FREEMIUM,Prompt Commerce,Promptcommerce,PRODUCT,1.0,AI Tools List,https://promptcommerce.site
2026-08-12T11:58:36.010377+00:00,FREEMIUM,Clip Studio Ai,Clipstudio,PRODUCT,1.0,AI Tools List,https://www.clipstudio.ai
2026-08-12T11:58:36.010385+00:00,FREEMIUM,Cherrytree Ai,Cherrytree,PRODUCT,1.0,AI Tools List,https://www.cherrytree.ai
2026-08-12T11:58:36.010396+00:00,FREEMIUM,Scriptaa,Scriptaa,PRODUCT,1.0,AI Tools List,https://www.scriptaa.io
2026-08-12T11:58:36.010403+00:00,FREEMIUM,Promarkia,Promarkia,PRODUCT,1.0,AI Tools List,https://www.promarkia.com
2026-08-12T11:58:36.010411+00:00,FREEMIUM,Buzzin Spots Ai Social Commerce Toolkit,Buzzinspots,PRODUCT,1.0,AI Tools List,https://www.buzzinspots.com
2026-08-12T11:58:36.010419+00:00,FREEMIUM,Cherrie,Cherrie,PRODUCT,1.0,AI Tools List,https://cherrie.ai
2026-08-12T11:58:36.010426+00:00,FREEMIUM,Axofy Ai,Axofy,PRODUCT,1.0,AI Tools List,https://axofy.ai
2026-08-12T11:58:36.010433+00:00,FREEMIUM,Slidereels,Codeswish,PRODUCT,1.0,AI Tools List,https://codeswish.lemonsqueezy.com
2026-08-12T11:58:36.010441+00:00,FREE,Free Tools Provider,Freecreate,PRODUCT,1.0,AI Tools List,https://freecreate.online
2026-08-12T11:58:36.010448+00:00,FREEMIUM,Copyblaze,Copyblaze,PRODUCT,1.0,AI Tools List,https://copyblaze.xyz
2026-08-12T11:58:36.010455+00:00,FREEMIUM,Preemedia Ai Ugc Ads,Preemedia,PRODUCT,1.0,AI Tools List,https://preemedia.com
2026-08-12T11:58:36.010462+00:00,FREEMIUM,Maqnet Ai,Maqnet,PRODUCT,1.0,AI Tools List,https://maqnet.ai
2026-08-12T11:58:36.010469+00:00,FREEMIUM,Smartlyq,Smartlyq,PRODUCT,1.0,AI Tools List,https://smartlyq.com
2026-08-12T11:58:36.010476+00:00,FREE,Portal By 20Vision,20,PRODUCT,1.0,AI Tools List,https://20.vision
2026-08-12T11:58:36.010484+00:00,FREEMIUM,Veo 3 Ai,Veo3,PRODUCT,1.0,AI Tools List,https://veo3.co
2026-08-12T11:58:36.010494+00:00,FREEMIUM,Writegenic Ai,Writegenic,PRODUCT,1.0,AI Tools List,https://writegenic.ai
2026-08-12T11:58:36.010501+00:00,FREEMIUM,Groas,Groas,PRODUCT,1.0,AI Tools List,https://groas.ai
2026-08-12T11:58:36.010509+00:00,FREEMIUM,Triple Whale,Triplewhale,PRODUCT,1.0,AI Tools List,https://www.triplewhale.com
2026-08-12T11:58:36.010516+00:00,FREEMIUM,Hypeauditor Com,Hypeauditor,PRODUCT,1.0,AI Tools List,https://hypeauditor.com
2026-08-12T11:58:36.010524+00:00,FREEMIUM,Recruit Crm,Workforcecloudtechinc,PRODUCT,1.0,AI Tools List,https://workforcecloudtechinc.pxf.io/21oj50
2026-08-12T11:58:36.010534+00:00,FREEMIUM,Aisensy,Wa,PRODUCT,1.0,AI Tools List,https://wa.aisensy.com/short/aabdl13
2026-08-12T11:58:36.010542+00:00,FREEMIUM,Ifable,Ifable,PRODUCT,1.0,AI Tools List,https://www.ifable.ai/start
2026-08-12T11:58:36.010549+00:00,FREEMIUM,Testmarket Analytics Inc,Testmarket,PRODUCT,1.0,AI Tools List,https://testmarket.io
2026-08-12T11:58:36.010556+00:00,FREEMIUM,Scaleinsights Com,Scaleinsights,PRODUCT,1.0,AI Tools List,https://scaleinsights.com
2026-08-12T11:58:36.010564+00:00,FREEMIUM,200 Chatgpt Mega Prompts For Business,Godofprompt,PRODUCT,1.0,AI Tools List,https://www.godofprompt.ai/business-mega-prompts
2026-08-12T11:58:36.010572+00:00,FREEMIUM,Seomator,Seomator,PRODUCT,1.0,AI Tools List,https://seomator.com
2026-08-12T11:58:36.010579+00:00,PAID,Sellersnap Io,Referrals,PRODUCT,1.0,AI Tools List,https://referrals.sellersnap.io/l/toolify/
2026-08-12T11:58:36.010586+00:00,FREEMIUM,Rozetta Jp,Rozetta,PRODUCT,1.0,AI Tools List,https://rozetta.jp
2026-08-12T11:58:36.010593+00:00,FREEMIUM,Symphonyos Co,Symphonyos,PRODUCT,1.0,AI Tools List,https://symphonyos.co/join
2026-08-12T11:58:36.010601+00:00,FREEMIUM,Twelvelabs,Twelvelabs,PRODUCT,1.0,AI Tools List,https://www.twelvelabs.io
2026-08-12T11:58:36.010608+00:00,FREEMIUM,Adnabu 2 0,Adnabu,PRODUCT,1.0,AI Tools List,https://www.adnabu.com
2026-08-12T11:58:36.010616+00:00,FREEMIUM,Qrcode Ai,Qrcode-Ai,PRODUCT,1.0,AI Tools List,https://qrcode-ai.com/
2026-08-12T11:58:36.010623+00:00,FREEMIUM,Visionstory Ai,Visionstory,PRODUCT,1.0,AI Tools List,https://www.visionstory.ai
2026-08-12T11:58:36.010631+00:00,FREEMIUM,Bik Ai,Bik,PRODUCT,1.0,AI Tools List,https://bik.ai
2026-08-12T11:58:36.010638+00:00,FREEMIUM,Hammer Corp Com,Hammer-Corp,PRODUCT,1.0,AI Tools List,https://hammer-corp.com
2026-08-12T11:58:36.010645+00:00,FREEMIUM,247 Inc Com,247-Inc,PRODUCT,1.0,AI Tools List,https://247-inc.com
2026-08-12T11:58:36.010652+00:00,FREEMIUM,Realeye Io,Realeye,PRODUCT,1.0,AI Tools List,https://realeye.io
2026-08-12T11:58:36.010659+00:00,FREEMIUM,Zmaticoo Com,Zmaticoo,PRODUCT,1.0,AI Tools List,https://zmaticoo.com
2026-08-12T11:58:36.010667+00:00,FREEMIUM,Anyclip The Genius Platform,Anyclip,PRODUCT,1.0,AI Tools List,https://anyclip.com
2026-08-12T11:58:36.010675+00:00,FREEMIUM,Adflex Ad Intelligence,Adflex,PRODUCT,1.0,AI Tools List,https://adflex.io
2026-08-12T11:58:36.010683+00:00,FREEMIUM,Lebesgue,Lebesgue,PRODUCT,1.0,AI Tools List,https://lebesgue.io
2026-08-12T11:58:36.010690+00:00,FREEMIUM,Perq Com,Perq,PRODUCT,1.0,AI Tools List,https://perq.com
2026-08-12T11:58:36.010697+00:00,FREEMIUM,Wortal,Wortal,PRODUCT,1.0,AI Tools List,https://wortal.ai
2026-08-12T11:58:36.010704+00:00,FREEMIUM,Opinly Ai,Opinly,PRODUCT,1.0,AI Tools List,https://opinly.ai
2026-08-12T11:58:36.010711+00:00,FREEMIUM,Growify,Growify,PRODUCT,1.0,AI Tools List,https://growify.ai
2026-08-12T11:58:36.010718+00:00,FREEMIUM,Competitors App,Competitors,PRODUCT,1.0,AI Tools List,https://competitors.app
2026-08-12T11:58:36.010725+00:00,FREEMIUM,Trendrocket Io,Trendrocket,PRODUCT,1.0,AI Tools List,https://www.trendrocket.io/
2026-08-12T11:58:36.010732+00:00,FREEMIUM,Lytics Com,Lytics,PRODUCT,1.0,AI Tools List,https://lytics.com
2026-08-12T11:58:36.010739+00:00,FREEMIUM,Brandbastion Lite,Brandbastion,PRODUCT,1.0,AI Tools List,https://www.brandbastion.com
2026-08-12T11:58:36.010747+00:00,FREEMIUM,Quetta Browser,Quetta,PRODUCT,1.0,AI Tools List,https://www.quetta.net
2026-08-12T11:58:36.010755+00:00,FREEMIUM,Markopolo Ai,App,PRODUCT,1.0,AI Tools List,https://app.markopolo.ai/signup
2026-08-12T11:58:36.010762+00:00,FREEMIUM,Bizmagnets,Bizmagnets,PRODUCT,1.0,AI Tools List,https://bizmagnets.ai
2026-08-12T11:58:36.010769+00:00,FREEMIUM,Trueroas Io,Trueroas,PRODUCT,1.0,AI Tools List,https://trueroas.io
2026-08-12T11:58:36.010778+00:00,FREEMIUM,Escribelo Ai,Escribelo,PRODUCT,1.0,AI Tools List,https://escribelo.ai
2026-08-12T11:58:36.010785+00:00,FREEMIUM,Buzzabout,Buzzabout,PRODUCT,1.0,AI Tools List,https://buzzabout.ai
2026-08-12T11:58:36.010792+00:00,FREEMIUM,Shai,Shaicreative,PRODUCT,1.0,AI Tools List,https://shaicreative.ai
2026-08-12T11:58:36.010799+00:00,FREEMIUM,Versium Reach,Versium,PRODUCT,1.0,AI Tools List,https://www.versium.com
2026-08-12T11:58:36.010806+00:00,FREEMIUM,Newormedia Com,Newormedia,PRODUCT,1.0,AI Tools List,https://newormedia.com/sign
2026-08-12T11:58:36.010815+00:00,FREEMIUM,Smax Ai,Smax,PRODUCT,1.0,AI Tools List,https://smax.ai/en
2026-08-12T11:58:36.010822+00:00,FREEMIUM,Onebytelabs In,Onebytelabs,PRODUCT,1.0,AI Tools List,https://onebytelabs.in
2026-08-12T11:58:36.010829+00:00,FREEMIUM,Doublecloud With Gpt 4,Double,PRODUCT,1.0,AI Tools List,https://double.cloud
2026-08-12T11:58:36.010837+00:00,FREEMIUM,Quartile Com,Partnerstack,PRODUCT,1.0,AI Tools List,https://partnerstack.quartile.com/1502srovb9hu
2026-08-12T11:58:36.010845+00:00,FREEMIUM,Lensai Shoppable And Contextual,Lens-Ai,PRODUCT,1.0,AI Tools List,https://lens-ai.com
2026-08-12T11:58:36.010852+00:00,FREEMIUM,Inr,Inro,PRODUCT,1.0,AI Tools List,https://www.inro.social
2026-08-12T11:58:36.010858+00:00,FREEMIUM,Modelia,Modelia,PRODUCT,1.0,AI Tools List,https://www.modelia.ai
2026-08-12T11:58:36.010866+00:00,FREEMIUM,Keywordsearch Com,Keywordsearch,PRODUCT,1.0,AI Tools List,https://keywordsearch.com
2026-08-12T11:58:36.010873+00:00,FREEMIUM,Keywordsearch Com 1,Keywordsearch,PRODUCT,1.0,AI Tools List,https://www.keywordsearch.com
2026-08-12T11:58:36.010881+00:00,FREEMIUM,Base For Music,Baseformusic,PRODUCT,1.0,AI Tools List,https://www.baseformusic.com
2026-08-12T11:58:36.010889+00:00,FREEMIUM,Bidmatic Io,Bidmatic,PRODUCT,1.0,AI Tools List,https://bidmatic.io
2026-08-12T11:58:36.010896+00:00,FREEMIUM,Bythenumbersapp Com,Bythenumbersapp,PRODUCT,1.0,AI Tools List,https://bythenumbersapp.com
2026-08-12T11:58:36.010904+00:00,FREEMIUM,Peeksta Com,Peeksta,PRODUCT,1.0,AI Tools List,https://peeksta.com/amember/aff/go/toolify
2026-08-12T11:58:36.010913+00:00,FREEMIUM,Infinitycloud Com,Infinitycloud,PRODUCT,1.0,AI Tools List,https://infinitycloud.com
2026-08-12T11:58:36.010922+00:00,FREEMIUM,Intentsify,Intentsify,PRODUCT,1.0,AI Tools List,https://intentsify.io
2026-08-12T11:58:36.010930+00:00,FREEMIUM,Music Tomorrow Com,Music-Tomorrow,PRODUCT,1.0,AI Tools List,https://music-tomorrow.com
2026-08-12T11:58:36.010938+00:00,FREEMIUM,Kowboykit Com,Kowboykit,PRODUCT,1.0,AI Tools List,https://kowboykit.com
2026-08-12T11:58:36.010945+00:00,FREEMIUM,Windsor,Windsor,PRODUCT,1.0,AI Tools List,https://windsor.io/
2026-08-12T11:58:36.010953+00:00,FREEMIUM,Keak,Keak,PRODUCT,1.0,AI Tools List,https://keak.com/
2026-08-12T11:58:36.010960+00:00,FREEMIUM,Kwrds Ai,Kwrds,PRODUCT,1.0,AI Tools List,https://kwrds.ai/affiliate
2026-08-12T11:58:36.010968+00:00,FREEMIUM,Style Ai,Usestyle,PRODUCT,1.0,AI Tools List,https://usestyle.ai
2026-08-12T11:58:36.010975+00:00,FREEMIUM,Koah,Koahlabs,PRODUCT,1.0,AI Tools List,https://koahlabs.com
2026-08-12T11:58:36.010982+00:00,FREEMIUM,Luminouscrm Com,Luminouscrm,PRODUCT,1.0,AI Tools List,https://luminouscrm.com
2026-08-12T11:58:36.010989+00:00,FREEMIUM,Conduit App,Getconduit,PRODUCT,1.0,AI Tools List,https://getconduit.app/
2026-08-12T11:58:36.010996+00:00,FREEMIUM,Datahawk Co,Datahawk,PRODUCT,1.0,AI Tools List,https://datahawk.co
2026-08-12T11:58:36.011003+00:00,FREEMIUM,Saaspedia,Saaspedia,PRODUCT,1.0,AI Tools List,https://saaspedia.io
2026-08-12T11:58:36.011011+00:00,FREEMIUM,Incremental Ai Tradeswell Ai,Incremental,PRODUCT,1.0,AI Tools List,https://incremental.com
2026-08-12T11:58:36.011017+00:00,FREEMIUM,Spatial,Spatial,PRODUCT,1.0,AI Tools List,https://www.spatial.ai
2026-08-12T11:58:36.011025+00:00,FREEMIUM,Infiniteanalytics Com,Infiniteanalytics,PRODUCT,1.0,AI Tools List,https://infiniteanalytics.com
2026-08-12T11:58:36.011033+00:00,FREEMIUM,Influensly,Influensly,PRODUCT,1.0,AI Tools List,https://influensly.com
2026-08-12T11:58:36.011040+00:00,FREEMIUM,Strique,Strique,PRODUCT,1.0,AI Tools List,https://strique.io
2026-08-12T11:58:36.011048+00:00,FREEMIUM,Gowit Retail Media Ads Platform,Gowit,PRODUCT,1.0,AI Tools List,https://gowit.com
2026-08-12T11:58:36.011056+00:00,FREEMIUM,Heatseeker Ai,Heatseeker,PRODUCT,1.0,AI Tools List,https://heatseeker.ai
2026-08-12T11:58:36.011063+00:00,FREEMIUM,Dappier 2 0,Dappier,PRODUCT,1.0,AI Tools List,https://dappier.com
2026-08-12T11:58:36.011069+00:00,FREEMIUM,Dappier,Dappier,PRODUCT,1.0,AI Tools List,https://www.dappier.com
2026-08-12T11:58:36.011076+00:00,FREEMIUM,Ecomail,Ecomail,PRODUCT,1.0,AI Tools List,https://ecomail.app
2026-08-12T11:58:36.011082+00:00,FREEMIUM,Greenbids Ai,Greenbids,PRODUCT,1.0,AI Tools List,https://greenbids.ai
2026-08-12T11:58:36.011090+00:00,FREEMIUM,Helloscribe,Helloscribe,PRODUCT,1.0,AI Tools List,https://helloscribe.ai
2026-08-12T11:58:36.011097+00:00,FREEMIUM,Workmagic Io,Workmagic,PRODUCT,1.0,AI Tools List,https://workmagic.io
2026-08-12T11:58:36.011105+00:00,FREEMIUM,Your Music Marketing,Yourmusic,PRODUCT,1.0,AI Tools List,https://yourmusic.marketing
2026-08-12T11:58:36.011112+00:00,FREEMIUM,Standard Ai,Standard,PRODUCT,1.0,AI Tools List,https://standard.ai
2026-08-12T11:58:36.011120+00:00,FREEMIUM,Bluepear Brand Bidding Detection Tool,Bluepear,PRODUCT,1.0,AI Tools List,https://bluepear.net
2026-08-12T11:58:36.011128+00:00,FREEMIUM,Affable Ai,Affable,PRODUCT,1.0,AI Tools List,https://www.affable.ai
2026-08-12T11:58:36.011136+00:00,FREEMIUM,Booleanmaths Pulse,Booleanmaths,PRODUCT,1.0,AI Tools List,https://booleanmaths.com
2026-08-12T11:58:36.011143+00:00,FREEMIUM,Culturepulse X Reddit,Culturepulse,PRODUCT,1.0,AI Tools List,https://culturepulse.ai
2026-08-12T11:58:36.011150+00:00,FREEMIUM,Theineedgroup Co Uk,Theineedgroup,PRODUCT,1.0,AI Tools List,https://theineedgroup.co.uk
2026-08-12T11:58:36.011158+00:00,FREEMIUM,Zeals Co Jp,Zeals,PRODUCT,1.0,AI Tools List,https://zeals.co.jp
2026-08-12T11:58:36.011166+00:00,FREEMIUM,Sitelifter Com,Sitelifter,PRODUCT,1.0,AI Tools List,https://sitelifter.com
2026-08-12T11:58:36.011173+00:00,FREEMIUM,Spok,Spok,PRODUCT,1.0,AI Tools List,https://www.spok.app
2026-08-12T11:58:36.011181+00:00,FREEMIUM,Sellesta Com,Sellesta,PRODUCT,1.0,AI Tools List,https://sellesta.com
2026-08-12T11:58:36.011188+00:00,FREEMIUM,Algomo,Algomo,PRODUCT,1.0,AI Tools List,https://www.algomo.com/
2026-08-12T11:58:36.011195+00:00,FREEMIUM,Bidinfluence,Bidinfluence,PRODUCT,1.0,AI Tools List,https://bidinfluence.com
2026-08-12T11:58:36.011202+00:00,FREEMIUM,Swayid,Swayid,PRODUCT,1.0,AI Tools List,https://www.swayid.com
2026-08-12T11:58:36.011209+00:00,FREEMIUM,Obviyo Com,Obviyo,PRODUCT,1.0,AI Tools List,https://obviyo.com
2026-08-12T11:58:36.011217+00:00,FREEMIUM,Sounder Ai,Sounder,PRODUCT,1.0,AI Tools List,https://sounder.ai
2026-08-12T11:58:36.011225+00:00,FREEMIUM,Socialplaces Io,Socialplaces,PRODUCT,1.0,AI Tools List,https://socialplaces.io
2026-08-12T11:58:36.011233+00:00,FREEMIUM,Mydataninja,Mydataninja,PRODUCT,1.0,AI Tools List,https://mydataninja.com
2026-08-12T11:58:36.011243+00:00,FREEMIUM,Quest Platform,Questlabs,PRODUCT,1.0,AI Tools List,https://www.questlabs.ai
2026-08-12T11:58:36.011249+00:00,FREEMIUM,Db24,Db24,PRODUCT,1.0,AI Tools List,https://db24.ai/intelligent-database-automation
2026-08-12T11:58:36.011257+00:00,FREEMIUM,Trusted Clicks,Trustedclicks,PRODUCT,1.0,AI Tools List,https://trustedclicks.ai
2026-08-12T11:58:36.011266+00:00,FREEMIUM,Getalfi Com,Getalfi,PRODUCT,1.0,AI Tools List,https://getalfi.com
2026-08-12T11:58:36.011273+00:00,FREEMIUM,Carambola Com,Carambola,PRODUCT,1.0,AI Tools List,https://carambola.com
2026-08-12T11:58:36.011281+00:00,FREEMIUM,Humming Ai,Humming,PRODUCT,1.0,AI Tools List,https://humming.ai
2026-08-12T11:58:36.011288+00:00,FREEMIUM,Surface Labs,Withsurface,PRODUCT,1.0,AI Tools List,https://withsurface.com
2026-08-12T11:58:36.011296+00:00,FREEMIUM,Sponsor Stream,Sponsorstreamai,PRODUCT,1.0,AI Tools List,https://www.sponsorstreamai.com
2026-08-12T11:58:36.011304+00:00,FREEMIUM,Llmate,Llmate,PRODUCT,1.0,AI Tools List,https://www.llmate.ai
2026-08-12T11:58:36.011312+00:00,FREEMIUM,Ads4Gpts,Ads4Gpts,PRODUCT,1.0,AI Tools List,https://ads4gpts.com
2026-08-12T11:58:36.011319+00:00,FREEMIUM,Blue Bagels,Bluebagels,PRODUCT,1.0,AI Tools List,https://bluebagels.com
2026-08-12T11:58:36.011327+00:00,FREEMIUM,Pipedata Ai,Ai,PRODUCT,1.0,AI Tools List,http://ai.pipedata.co
2026-08-12T11:58:36.011335+00:00,FREEMIUM,Ad Personam Self Serve Dsp,Adpersonam,PRODUCT,1.0,AI Tools List,https://www.adpersonam.io
2026-08-12T11:58:36.011343+00:00,FREEMIUM,Zopmedia Com,Zopmedia,PRODUCT,1.0,AI Tools List,https://zopmedia.com
2026-08-12T11:58:36.011350+00:00,FREEMIUM,Quicklisting,Quicklist,PRODUCT,1.0,AI Tools List,https://quicklist.ing/
2026-08-12T11:58:36.011357+00:00,FREEMIUM,Dotchat,Dotchat,PRODUCT,1.0,AI Tools List,https://dotchat.co
2026-08-12T11:58:36.011364+00:00,FREEMIUM,Relay Club,Relay,PRODUCT,1.0,AI Tools List,https://relay.club
2026-08-12T11:58:36.011372+00:00,FREEMIUM,Tradvo Com,Tradvo,PRODUCT,1.0,AI Tools List,https://tradvo.com
2026-08-12T11:58:36.011380+00:00,FREEMIUM,Waveup Io Software,Waveup,PRODUCT,1.0,AI Tools List,https://waveup.io
2026-08-12T11:58:36.011388+00:00,FREEMIUM,Appdron Chatgpt Dashboard,Appdron,PRODUCT,1.0,AI Tools List,https://appdron.com
2026-08-12T11:58:36.011395+00:00,FREE,Conceptdrop,Conceptdrop,PRODUCT,1.0,AI Tools List,http://conceptdrop.com
2026-08-12T11:58:36.011402+00:00,FREEMIUM,Viral Magic Ai,Viralmagic,PRODUCT,1.0,AI Tools List,https://viralmagic.ai
2026-08-12T11:58:36.011410+00:00,FREEMIUM,Comment Bounce,Commentbounce,PRODUCT,1.0,AI Tools List,https://www.commentbounce.com
2026-08-12T11:58:36.011418+00:00,FREEMIUM,Sphinx Mind,Sphinxmind,PRODUCT,1.0,AI Tools List,https://www.sphinxmind.com
2026-08-12T11:58:36.011425+00:00,FREEMIUM,V Retail,Vretail,PRODUCT,1.0,AI Tools List,https://www.vretail.space
2026-08-12T11:58:36.011433+00:00,FREEMIUM,Archie Ai,Getarchie,PRODUCT,1.0,AI Tools List,https://getarchie.ai
2026-08-12T11:58:36.011441+00:00,FREEMIUM,Parallel,Withparallel,PRODUCT,1.0,AI Tools List,https://www.withparallel.ai
2026-08-12T11:58:36.011449+00:00,FREEMIUM,Startupstudio Ai,Startupstudio-Ai,PRODUCT,1.0,AI Tools List,https://startupstudio-ai.com
2026-08-12T11:58:36.011458+00:00,FREEMIUM,Adsync Ai Digital Marketing Solutions,Adsyncmarketing,PRODUCT,1.0,AI Tools List,https://www.adsyncmarketing.com
2026-08-12T11:58:36.011465+00:00,FREEMIUM,Aiclassifiedhub Com,Aiclassifiedhub,PRODUCT,1.0,AI Tools List,https://aiclassifiedhub.com
2026-08-12T11:58:36.011473+00:00,FREEMIUM,Adcaptcha,Adcaptcha,PRODUCT,1.0,AI Tools List,https://adcaptcha.com
2026-08-12T11:58:36.011480+00:00,FREEMIUM,Adfonic Com,Adfonic,PRODUCT,1.0,AI Tools List,https://adfonic.com
2026-08-12T11:58:36.011488+00:00,FREEMIUM,Ai Solutions For Smes,Tekhub,PRODUCT,1.0,AI Tools List,https://tekhub.ai
2026-08-12T11:58:36.011495+00:00,FREEMIUM,Adfixer,Adfixer,PRODUCT,1.0,AI Tools List,https://adfixer.com
2026-08-12T11:58:36.011503+00:00,FREEMIUM,Almeta Ml,Almeta,PRODUCT,1.0,AI Tools List,https://almeta.cloud
2026-08-12T11:58:36.011510+00:00,FREEMIUM,Og Ai,Ogmarketing,PRODUCT,1.0,AI Tools List,https://www.ogmarketing.ai
2026-08-12T11:58:36.011518+00:00,FREEMIUM,Big Tech Company,Bigtech,PRODUCT,1.0,AI Tools List,https://www.bigtech.company
2026-08-12T11:58:36.011525+00:00,FREEMIUM,Influme,Influme,PRODUCT,1.0,AI Tools List,https://www.influme.io
2026-08-12T11:58:36.011533+00:00,FREEMIUM,Amplifiles,Amplifiles,PRODUCT,1.0,AI Tools List,https://www.amplifiles.ai
2026-08-12T11:58:36.011540+00:00,ENTERPRISE,Lydo,Lydo,PRODUCT,1.0,AI Tools List,https://lydo.io
2026-08-12T11:58:36.011555+00:00,FREEMIUM,Learn Prompting Pro,Learnprompting,PRODUCT,1.0,AI Tools List,https://learnprompting.pro
2026-08-12T11:58:36.011563+00:00,FREEMIUM,Playstrict,Playstrict,PRODUCT,1.0,AI Tools List,https://playstrict.com
2026-08-12T11:58:36.011572+00:00,FREEMIUM,Seo Content Assistant By Searchatlas,Dashboard,PRODUCT,1.0,AI Tools List,https://dashboard.searchatlas.com/register
2026-08-12T11:58:36.011580+00:00,FREEMIUM,Ai Commerce Content Platform By Akool,Akool,PRODUCT,1.0,AI Tools List,https://akool.com/
2026-08-12T11:58:36.011587+00:00,FREEMIUM,Ceeya Ai,Home,PRODUCT,1.0,AI Tools List,https://home.ceeya.io
2026-08-12T11:58:36.011594+00:00,FREEMIUM,Neuwo,Neuwo,PRODUCT,1.0,AI Tools List,https://neuwo.ai
2026-08-12T11:58:36.011602+00:00,FREEMIUM,Quaffle,Quaffle,PRODUCT,1.0,AI Tools List,https://www.quaffle.app
2026-08-12T11:58:36.011609+00:00,FREEMIUM,Askmetric,Askmetric,PRODUCT,1.0,AI Tools List,https://www.askmetric.com
2026-08-12T11:58:36.011617+00:00,FREEMIUM,Treebrain Ai For Shopify Amazon Fba,Treebrain,PRODUCT,1.0,AI Tools List,https://treebrain.ai
2026-08-12T11:58:36.011625+00:00,FREEMIUM,Uncleoptimizer,Uncleoptimizer,PRODUCT,1.0,AI Tools List,https://www.uncleoptimizer.com
2026-08-12T11:58:36.011632+00:00,FREEMIUM,Raqiai,Raqiai,PRODUCT,1.0,AI Tools List,https://www.raqiai.com
2026-08-12T11:58:36.011640+00:00,FREEMIUM,Dezan Cc,Dezan,PRODUCT,1.0,AI Tools List,https://dezan.cc
2026-08-12T11:58:36.011647+00:00,FREEMIUM,Dailyreach,Dailyreach,PRODUCT,1.0,AI Tools List,https://dailyreach.co
2026-08-12T11:58:36.011654+00:00,FREEMIUM,Netcapz,Netcapz,PRODUCT,1.0,AI Tools List,https://netcapz.cloud
2026-08-12T11:58:36.011662+00:00,FREEMIUM,Gotomarket Ai,Gotomarket-Ai,PRODUCT,1.0,AI Tools List,https://www.gotomarket-ai.com
2026-08-12T11:58:36.011671+00:00,FREEMIUM,Insight Bridge,Insight-Bridge,PRODUCT,1.0,AI Tools List,https://www.insight-bridge.com
2026-08-12T11:58:36.011678+00:00,FREEMIUM,Botads,Botads,PRODUCT,1.0,AI Tools List,https://botads.ai
2026-08-12T11:58:36.011685+00:00,FREEMIUM,Biglypages,Biglypage,PRODUCT,1.0,AI Tools List,https://biglypage.com
2026-08-12T11:58:36.011693+00:00,FREEMIUM,Present App,Trypresentapp,PRODUCT,1.0,AI Tools List,https://www.trypresentapp.com
2026-08-12T11:58:36.011700+00:00,FREEMIUM,Giveawayai,Giveawayai,PRODUCT,1.0,AI Tools List,https://giveawayai.org
2026-08-12T11:58:36.011707+00:00,FREEMIUM,Dropscale Com,Dropscale,PRODUCT,1.0,AI Tools List,https://dropscale.com
2026-08-12T11:58:36.011715+00:00,FREEMIUM,Ai Powered Digital Marketing,Aionomy,PRODUCT,1.0,AI Tools List,https://aionomy.com
2026-08-12T11:58:36.011723+00:00,FREEMIUM,Adintell,Adintelli,PRODUCT,1.0,AI Tools List,https://adintelli.ai
2026-08-12T11:58:36.011732+00:00,FREEMIUM,Bearkd Com,Bearkd,PRODUCT,1.0,AI Tools List,https://bearkd.com
2026-08-12T11:58:36.011739+00:00,FREEMIUM,Uniqin Ai,Uniqin,PRODUCT,1.0,AI Tools List,https://uniqin.ai
2026-08-12T11:58:36.011747+00:00,FREEMIUM,Gena,Gena,PRODUCT,1.0,AI Tools List,https://gena.realpha.com
2026-08-12T11:58:36.011754+00:00,FREEMIUM,Smartreply Ai,Inchargeads,PRODUCT,1.0,AI Tools List,https://www.inchargeads.com/smartreply-get-started
2026-08-12T11:58:36.011762+00:00,FREEMIUM,Affmedios Com,Affmedios,PRODUCT,1.0,AI Tools List,https://affmedios.com
2026-08-12T11:58:36.011769+00:00,FREEMIUM,Voyager1 Ai,Voyager1,PRODUCT,1.0,AI Tools List,https://voyager1.ai
2026-08-12T11:58:36.011776+00:00,FREEMIUM,Clickmoat,Clickmoat,PRODUCT,1.0,AI Tools List,https://clickmoat.com
2026-08-12T11:58:36.011784+00:00,FREEMIUM,Syntos Ai,Syntos,PRODUCT,1.0,AI Tools List,https://syntos.ai
2026-08-12T11:58:36.011791+00:00,FREEMIUM,Ai Experts Top,Aiexperts,PRODUCT,1.0,AI Tools List,https://aiexperts.top
2026-08-12T11:58:36.011799+00:00,FREEMIUM,Dubbah Co,Dubbah,PRODUCT,1.0,AI Tools List,https://dubbah.co/
2026-08-12T11:58:36.011806+00:00,FREEMIUM,Pocketdeals,Pocketdeals,PRODUCT,1.0,AI Tools List,https://pocketdeals.io
2026-08-12T11:58:36.011813+00:00,FREEMIUM,Orblitzz,Orblitzz,PRODUCT,1.0,AI Tools List,https://orblitzz.com
2026-08-12T11:58:36.011820+00:00,FREEMIUM,Heenok Brfly,Brfly,PRODUCT,1.0,AI Tools List,https://brfly.us
2026-08-12T11:58:36.011827+00:00,FREEMIUM,Revmore,Revmore,PRODUCT,1.0,AI Tools List,https://revmore.io
2026-08-12T11:58:36.011834+00:00,FREEMIUM,Automateclips,Automateclips,PRODUCT,1.0,AI Tools List,https://www.AutomateClips.com
2026-08-12T11:58:36.011842+00:00,FREEMIUM,Opulli,Opulli,PRODUCT,1.0,AI Tools List,https://www.opulli.com
2026-08-12T11:58:36.011850+00:00,FREEMIUM,Raisen Org,Raisen,PRODUCT,1.0,AI Tools List,https://raisen.org
2026-08-12T11:58:36.011857+00:00,FREEMIUM,Sms Tactic,Link,PRODUCT,1.0,AI Tools List,https://link.smstactic.com/toolify
2026-08-12T11:58:36.011864+00:00,FREEMIUM,Adlamp,Adlamp,PRODUCT,1.0,AI Tools List,https://www.adlamp.co
2026-08-12T11:58:36.011871+00:00,FREEMIUM,Pathex,Pathex,PRODUCT,1.0,AI Tools List,https://www.pathex.io
2026-08-12T11:58:36.011879+00:00,FREEMIUM,Mentionmaster,Mentionmaster,PRODUCT,1.0,AI Tools List,https://mentionmaster.net
2026-08-12T11:58:36.011886+00:00,FREEMIUM,Grro,Grro,PRODUCT,1.0,AI Tools List,https://grro.xyz
2026-08-12T11:58:36.011894+00:00,FREEMIUM,Weinstareply,Weinstareply,PRODUCT,1.0,AI Tools List,https://weinstareply.com
2026-08-12T11:58:36.011901+00:00,FREEMIUM,Launchshortcut,Launchshortcut,PRODUCT,1.0,AI Tools List,https://www.launchshortcut.com
2026-08-12T11:58:36.011909+00:00,FREEMIUM,Its Bot,Itsbot,PRODUCT,1.0,AI Tools List,https://itsbot.ai
2026-08-12T11:58:36.011917+00:00,FREEMIUM,Edgylabs Com,Edgylabs,PRODUCT,1.0,AI Tools List,https://edgylabs.com
2026-08-12T11:58:36.011925+00:00,FREEMIUM,Neurologic Com Br,Neurologic,PRODUCT,1.0,AI Tools List,https://neurologic.com.br
2026-08-12T11:58:36.011933+00:00,FREEMIUM,Turbocomment,Turbocomment,PRODUCT,1.0,AI Tools List,https://turbocomment.com
2026-08-12T11:58:36.011940+00:00,FREEMIUM,Inpwrd Com,Inpwrd,PRODUCT,1.0,AI Tools List,https://inpwrd.com
2026-08-12T11:58:36.011948+00:00,FREEMIUM,Metamuse,Metamuse,PRODUCT,1.0,AI Tools List,https://metamuse.marketing
2026-08-12T11:58:36.011956+00:00,FREEMIUM,Fyx Ai,Fyx,PRODUCT,1.0,AI Tools List,https://fyx.ai
2026-08-12T11:58:36.011964+00:00,FREEMIUM,Ads Copilot,Adscopilot,PRODUCT,1.0,AI Tools List,https://adscopilot.io
2026-08-12T11:58:36.011971+00:00,FREEMIUM,Simba,Withsimba,PRODUCT,1.0,AI Tools List,https://withsimba.com
2026-08-12T11:58:36.011979+00:00,FREEMIUM,Proxy Booster,Proxybooster,PRODUCT,1.0,AI Tools List,https://proxybooster.net
2026-08-12T11:58:36.011986+00:00,FREEMIUM,Hippomod,Hippomod,PRODUCT,1.0,AI Tools List,https://hippomod.com
2026-08-12T11:58:36.011993+00:00,FREEMIUM,Genvibe Ai,Genvibeai,PRODUCT,1.0,AI Tools List,https://genvibeai.com
2026-08-12T11:58:36.012001+00:00,FREEMIUM,Askppc,Askppc,PRODUCT,1.0,AI Tools List,https://askppc.net
2026-08-12T11:58:36.012008+00:00,FREEMIUM,Promast,X-Plus,PRODUCT,1.0,AI Tools List,https://www.x-plus.vip
2026-08-12T11:58:36.012016+00:00,FREEMIUM,Datadripper,Datadripper,PRODUCT,1.0,AI Tools List,https://datadripper.ai
2026-08-12T11:58:36.012023+00:00,FREEMIUM,Banrboard,Banrboard,PRODUCT,1.0,AI Tools List,https://banrboard.com
2026-08-12T11:58:36.012031+00:00,FREEMIUM,Admentary,Admentary,PRODUCT,1.0,AI Tools List,https://www.admentary.com
2026-08-12T11:58:36.012038+00:00,FREEMIUM,Smartwebi,Smartwebi,PRODUCT,1.0,AI Tools List,https://smartwebi.in
2026-08-12T11:58:36.012045+00:00,FREEMIUM,Lovable Games,Lovablegames,PRODUCT,1.0,AI Tools List,https://lovablegames.com
2026-08-12T11:58:36.012053+00:00,FREEMIUM,Authenticity Leads,App,PRODUCT,1.0,AI Tools List,https://app.authenticityleads.com/register
2026-08-12T11:58:36.012061+00:00,FREEMIUM,Hypebridge,Thehypebridge,PRODUCT,1.0,AI Tools List,https://thehypebridge.com
2026-08-12T11:58:36.012069+00:00,FREEMIUM,Agentmark,Agentmark,PRODUCT,1.0,AI Tools List,https://agentmark.ai
2026-08-12T11:58:36.012075+00:00,FREEMIUM,Head Ai Alpha,Headai,PRODUCT,1.0,AI Tools List,https://headai.io
2026-08-12T11:58:36.012082+00:00,FREEMIUM,Runrly,Runrly,PRODUCT,1.0,AI Tools List,https://www.runrly.com
2026-08-12T11:58:36.012089+00:00,FREEMIUM,Joylink,Joylink,PRODUCT,1.0,AI Tools List,https://joylink.io/
2026-08-12T11:58:36.012100+00:00,FREEMIUM,Syllaby,Syllaby,PRODUCT,1.0,AI Tools List,https://syllaby.io/
2026-08-12T11:58:36.012108+00:00,FREEMIUM,Dittin Ai,Dittin,PRODUCT,1.0,AI Tools List,https://dittin.ai/
2026-08-12T11:58:36.012115+00:00,FREEMIUM,Pillar,Pillar,PRODUCT,1.0,AI Tools List,https://pillar.io
2026-08-12T11:58:36.012123+00:00,FREEMIUM,Dreamlike Art,Lnpfog9Tzw,PRODUCT,1.0,AI Tools List,https://lnpfog9tzw.lemonsqueezy.com/
2026-08-12T11:58:36.012130+00:00,FREEMIUM,Aijourney,Aijourney,PRODUCT,1.0,AI Tools List,https://aijourney.so
2026-08-12T11:58:36.012137+00:00,FREEMIUM,Lasso,Getlasso,PRODUCT,1.0,AI Tools List,https://getlasso.co
2026-08-12T11:58:36.012144+00:00,FREEMIUM,Chatgpt Toolbox,Ai-Toolbox,PRODUCT,1.0,AI Tools List,https://ai-toolbox.co
2026-08-12T11:58:36.012152+00:00,FREEMIUM,Affpilot Ai,App,PRODUCT,1.0,AI Tools List,https://app.affpilot.com/signup/ja1pel87
2026-08-12T11:58:36.012159+00:00,FREEMIUM,Reditus,Getreditus,PRODUCT,1.0,AI Tools List,https://www.getreditus.com/
2026-08-12T11:58:36.012167+00:00,FREEMIUM,Swifty,Swifty,PRODUCT,1.0,AI Tools List,https://www.swifty.so
2026-08-12T11:58:36.012174+00:00,FREEMIUM,Evolup,Evolup,PRODUCT,1.0,AI Tools List,https://evolup.com/
2026-08-12T11:58:36.012182+00:00,FREEMIUM,Mailvio Com,Paykstrt,PRODUCT,1.0,AI Tools List,https://paykstrt.com/47223/153495
2026-08-12T11:58:36.012190+00:00,FREEMIUM,Affistash Com,Affistash,PRODUCT,1.0,AI Tools List,https://affistash.com/
2026-08-12T11:58:36.012199+00:00,FREEMIUM,Find Affiliates,Findaffiliates,PRODUCT,1.0,AI Tools List,https://findaffiliates.online
2026-08-12T11:58:36.012206+00:00,FREEMIUM,Deepmode Ai,Deepmode,PRODUCT,1.0,AI Tools List,https://deepmode.ai
2026-08-12T11:58:36.012214+00:00,FREEMIUM,Deeto,Deeto,PRODUCT,1.0,AI Tools List,https://www.deeto.ai
2026-08-12T11:58:36.012222+00:00,FREEMIUM,Rize Capital,Rize,PRODUCT,1.0,AI Tools List,https://rize.capital
2026-08-12T11:58:36.012229+00:00,FREEMIUM,Trend Ai Tools,Trendaitools,PRODUCT,1.0,AI Tools List,https://trendaitools.com
2026-08-12T11:58:36.012237+00:00,FREEMIUM,Aliexpress Image Search,Aliexpressimagesearch,PRODUCT,1.0,AI Tools List,https://www.aliexpressimagesearch.com
2026-08-12T11:58:36.012244+00:00,FREEMIUM,Norby Ai,Chat,PRODUCT,1.0,AI Tools List,https://chat.norby.io/signup
2026-08-12T11:58:36.012251+00:00,FREEMIUM,Ivee,Ivee,PRODUCT,1.0,AI Tools List,https://ivee.so
2026-08-12T11:58:36.012258+00:00,FREEMIUM,Dawn,Dawnaistudy,PRODUCT,1.0,AI Tools List,https://www.dawnaistudy.com
2026-08-12T11:58:36.012266+00:00,FREEMIUM,Heartstring Ai,Heartstring,PRODUCT,1.0,AI Tools List,https://heartstring.ai
2026-08-12T11:58:36.012274+00:00,FREEMIUM,Voqul Io,Voqul,PRODUCT,1.0,AI Tools List,https://voqul.io
2026-08-12T11:58:36.012281+00:00,FREEMIUM,Sludge Ai,Sludge,PRODUCT,1.0,AI Tools List,https://sludge.ai
2026-08-12T11:58:36.012288+00:00,FREEMIUM,Product Fetcher,Product-Fetcher,PRODUCT,1.0,AI Tools List,https://product-fetcher.com
2026-08-12T11:58:36.012297+00:00,FREEMIUM,Smsgenius,Smsgenius,PRODUCT,1.0,AI Tools List,https://www.smsgenius.io
2026-08-12T11:58:36.012323+00:00,FREEMIUM,Neunera,Neunera,PRODUCT,1.0,AI Tools List,https://neunera.com/
2026-08-12T11:58:36.012332+00:00,FREEMIUM,Aiwriter Fi,Saas,PRODUCT,1.0,AI Tools List,https://saas.aiwriter.fi/
2026-08-12T11:58:36.012339+00:00,FREEMIUM,Interaxai,Interaxai,PRODUCT,1.0,AI Tools List,https://interaxai.com/pricing
2026-08-12T11:58:36.012347+00:00,FREEMIUM,Stocked Ai,Stockedai,PRODUCT,1.0,AI Tools List,https://www.stockedai.com
2026-08-12T11:58:36.012355+00:00,FREEMIUM,Stocked Picks,Stockedai,PRODUCT,1.0,AI Tools List,https://www.stockedai.com/
2026-08-12T11:58:36.012363+00:00,FREEMIUM,Smart Gift Ai,Smartgiftai,PRODUCT,1.0,AI Tools List,https://smartgiftai.com
2026-08-12T11:58:36.012369+00:00,FREEMIUM,Revueai,Revueai,PRODUCT,1.0,AI Tools List,https://revueai.com/
2026-08-12T11:58:36.012377+00:00,FREEMIUM,Aimagicstudio,Warriorplus,PRODUCT,1.0,AI Tools List,https://warriorplus.com/o2/a/s835kmd/0
2026-08-12T11:58:36.012385+00:00,FREEMIUM,Passivewp,Passivewp,PRODUCT,1.0,AI Tools List,https://passivewp.com
2026-08-12T11:58:36.012392+00:00,FREEMIUM,Fenpost,Fenpost,PRODUCT,1.0,AI Tools List,https://www.fenpost.com
2026-08-12T11:58:36.012400+00:00,FREEMIUM,Mobirest Pos,Mobirest,PRODUCT,1.0,AI Tools List,https://mobirest.business
2026-08-12T11:58:36.012410+00:00,FREEMIUM,Monetize Chatbots,Monetizechatbots,PRODUCT,1.0,AI Tools List,https://monetizechatbots.com
2026-08-12T11:58:36.012418+00:00,FREEMIUM,Monokit,Monokit,PRODUCT,1.0,AI Tools List,https://monokit.dev
2026-08-12T11:58:36.012427+00:00,FREEMIUM,Cloud Store Ai Smart Shopping Api,Nubestore,PRODUCT,1.0,AI Tools List,https://www.nubestore.ai
2026-08-12T11:58:36.012434+00:00,FREEMIUM,Autoquicky,Autoquicky,PRODUCT,1.0,AI Tools List,https://autoquicky.com
2026-08-12T11:58:36.012442+00:00,FREEMIUM,Productblueprint Ai,Productblueprint,PRODUCT,1.0,AI Tools List,https://productblueprint.ai
2026-08-12T11:58:36.012449+00:00,FREE,Boost My Offer,Boostmyoffer,PRODUCT,1.0,AI Tools List,https://www.boostmyoffer.com
2026-08-12T11:58:36.012458+00:00,FREEMIUM,Textart Ai Legible Text Image Generator,Textartai,PRODUCT,1.0,AI Tools List,https://textartai.com
2026-08-12T11:58:36.012465+00:00,FREEMIUM,Rankpress Io,Rankpress,PRODUCT,1.0,AI Tools List,https://rankpress.io
2026-08-12T11:58:36.012472+00:00,FREEMIUM,Krecicki,Krecicki,PRODUCT,1.0,AI Tools List,https://krecicki.com
2026-08-12T11:58:36.012479+00:00,FREEMIUM,Bonsai Trade,Bonsai,PRODUCT,1.0,AI Tools List,https://bonsai.trade
2026-08-12T11:58:36.012486+00:00,FREEMIUM,Heavier,Heavier,PRODUCT,1.0,AI Tools List,https://heavier.io
2026-08-12T11:58:36.012494+00:00,FREEMIUM,Buzzbonus,Buzzbonus,PRODUCT,1.0,AI Tools List,https://buzzbonus.tech
2026-08-12T11:58:36.012501+00:00,FREEMIUM,Justblog Ai,Justblog,PRODUCT,1.0,AI Tools List,https://justblog.ai
2026-08-12T11:58:36.012508+00:00,FREEMIUM,Uptik,Uptik,PRODUCT,1.0,AI Tools List,https://uptik.app
2026-08-12T11:58:36.012516+00:00,FREEMIUM,Mealforme,Mealforme,PRODUCT,1.0,AI Tools List,https://mealforme.io
2026-08-12T11:58:36.012523+00:00,FREEMIUM,Jocondeai,Jocondeai,PRODUCT,1.0,AI Tools List,https://jocondeai.com
2026-08-12T11:58:36.012530+00:00,FREEMIUM,Audio Writer Ios,Audiowriter,PRODUCT,1.0,AI Tools List,https://audiowriter.app
2026-08-12T11:58:36.012537+00:00,FREE,Linksafari,Linksafari,PRODUCT,1.0,AI Tools List,https://linksafari.com
2026-08-12T11:58:36.012545+00:00,FREEMIUM,Socialconnector Io,Socialconnector,PRODUCT,1.0,AI Tools List,https://socialconnector.io
2026-08-12T11:58:36.012780+00:00,FREEMIUM,Humanlike Writer,Humanlikewriter,PRODUCT,1.0,AI Tools List,https://humanlikewriter.com
2026-08-12T11:58:36.012812+00:00,FREEMIUM,Evangeler List Of Affiliate Programs,Evangeler,PRODUCT,1.0,AI Tools List,https://evangeler.com
2026-08-12T11:58:36.012829+00:00,FREEMIUM,Swapfaces Ai,Swapfaces,PRODUCT,1.0,AI Tools List,https://www.swapfaces.ai
2026-08-12T11:58:36.012846+00:00,FREEMIUM,Filterly,Filterly,PRODUCT,1.0,AI Tools List,https://www.filterly.app
2026-08-12T11:58:36.012860+00:00,FREE,Heyphoto,Hey-Photo,PRODUCT,1.0,AI Tools List,https://hey-photo.com
2026-08-12T11:58:36.012876+00:00,FREEMIUM,Extrapolate,Extrapolate,PRODUCT,1.0,AI Tools List,https://extrapolate.app
2026-08-12T11:58:36.012891+00:00,FREEMIUM,Ourbabyai,Ourbabyai,PRODUCT,1.0,AI Tools List,https://ourbabyai.com/
2026-08-12T11:58:36.012906+00:00,FREEMIUM,Ager Fun,Ager,PRODUCT,1.0,AI Tools List,http://ager.fun
2026-08-12T11:58:36.012926+00:00,FREEMIUM,Face Gpt,Facegpt,PRODUCT,1.0,AI Tools List,https://facegpt.me
2026-08-12T11:58:36.012959+00:00,FREEMIUM,Style Photo,Yzxqs,PRODUCT,1.0,AI Tools List,https://www.yzxqs.top
2026-08-12T11:58:36.012977+00:00,FREEMIUM,Photolapse Ai,Photolapseai,PRODUCT,1.0,AI Tools List,https://photolapseai.com
2026-08-12T11:58:36.012991+00:00,FREE,Facestyler Ai,Facestyler,PRODUCT,1.0,AI Tools List,https://www.facestyler.net
2026-08-12T11:58:36.013006+00:00,FREEMIUM,Force Com,Force,PRODUCT,1.0,AI Tools List,https://force.com
2026-08-12T11:58:36.013091+00:00,FREEMIUM,Jotform Ai Agents,Link,PRODUCT,1.0,AI Tools List,https://link.jotform.com/toolify-OiGSs9MnIi
2026-08-12T11:58:36.013126+00:00,FREEMIUM,Hubspot Com,Hubspot,PRODUCT,1.0,AI Tools List,https://hubspot.sjv.io/5g6zan
2026-08-12T11:58:36.013137+00:00,FREEMIUM,Manus,Manus,PRODUCT,1.0,AI Tools List,https://manus.im
2026-08-12T11:58:36.013146+00:00,FREEMIUM,Blackbox Ai 1,Blackbox,PRODUCT,1.0,AI Tools List,https://www.blackbox.ai
2026-08-12T11:58:36.013156+00:00,FREEMIUM,Claude 3,Anthropic,PRODUCT,1.0,AI Tools List,https://www.anthropic.com/claude
2026-08-12T11:58:36.013165+00:00,FREEMIUM,Replit,Replit,PRODUCT,1.0,AI Tools List,https://replit.com
2026-08-12T11:58:36.013174+00:00,FREEMIUM,Zapier Com,Zapier,PRODUCT,1.0,AI Tools List,https://zapier.com
2026-08-12T11:58:36.013183+00:00,FREEMIUM,Otter Ai,Otter,PRODUCT,1.0,AI Tools List,https://otter.ai/referrals/X6YW9FRA
2026-08-12T11:58:36.013192+00:00,FREEMIUM,扣子,Coze,PRODUCT,1.0,AI Tools List,https://www.coze.cn
2026-08-12T11:58:36.013201+00:00,ENTERPRISE,Windsurf,Windsurf,PRODUCT,1.0,AI Tools List,https://windsurf.com
2026-08-12T11:58:36.013212+00:00,FREEMIUM,Intercom Com,Intercom,PRODUCT,1.0,AI Tools List,https://intercom.com
2026-08-12T11:58:36.013221+00:00,FREEMIUM,Abacus Ai,Abacus,PRODUCT,1.0,AI Tools List,https://abacus.ai
2026-08-12T11:58:36.013229+00:00,FREEMIUM,Venice Ai,Venice,PRODUCT,1.0,AI Tools List,https://venice.ai
2026-08-12T11:58:36.013237+00:00,FREEMIUM,Chatglm Cn,Chatglm,PRODUCT,1.0,AI Tools List,https://chatglm.cn
2026-08-12T11:58:36.013247+00:00,FREEMIUM,Dify Ai,Dify,PRODUCT,1.0,AI Tools List,https://dify.ai
2026-08-12T11:58:36.013257+00:00,FREEMIUM,Prompts,Wandb,PRODUCT,1.0,AI Tools List,https://wandb.ai
2026-08-12T11:58:36.013267+00:00,FREEMIUM,Gorgias,Gorgias,PRODUCT,1.0,AI Tools List,https://www.gorgias.com
2026-08-12T11:58:36.013277+00:00,FREEMIUM,Xoul Ai,Xoul,PRODUCT,1.0,AI Tools List,https://xoul.ai
2026-08-12T11:58:36.013287+00:00,FREEMIUM,Openphone,Openphone,PRODUCT,1.0,AI Tools List,https://www.openphone.com
2026-08-12T11:58:36.013298+00:00,FREEMIUM,Usemotion Com,Get,PRODUCT,1.0,AI Tools List,https://get.usemotion.com/xl0klamesvu6
2026-08-12T11:58:36.013308+00:00,FREEMIUM,Apify,Apify,PRODUCT,1.0,AI Tools List,https://www.apify.com
2026-08-12T11:58:36.013319+00:00,FREEMIUM,Gitmind Chat,Gitmind,PRODUCT,1.0,AI Tools List,https://gitmind.com/ai-chat
2026-08-12T11:58:36.013327+00:00,ENTERPRISE,Glean,Glean,PRODUCT,1.0,AI Tools List,https://www.glean.com
2026-08-12T11:58:36.013338+00:00,FREEMIUM,Vidyard Com,Vidyard,PRODUCT,1.0,AI Tools List,https://vidyard.com
2026-08-12T11:58:36.013350+00:00,FREEMIUM,Outreach,Outreach,PRODUCT,1.0,AI Tools List,https://www.outreach.io
2026-08-12T11:58:36.013359+00:00,FREEMIUM,Kaneai,Lambdatest,PRODUCT,1.0,AI Tools List,http://www.lambdatest.com
2026-08-12T11:58:36.013369+00:00,FREEMIUM,Vapi,Vapi,PRODUCT,1.0,AI Tools List,https://vapi.ai/
2026-08-12T11:58:36.013378+00:00,FREEMIUM,Glasp,Glasp,PRODUCT,1.0,AI Tools List,https://glasp.co
2026-08-12T11:58:36.013388+00:00,FREEMIUM,D Id,D-Id,PRODUCT,1.0,AI Tools List,https://www.d-id.com
2026-08-12T11:58:36.013399+00:00,FREEMIUM,Anakin Ai,Anakin,PRODUCT,1.0,AI Tools List,https://anakin.ai
2026-08-12T11:58:36.013410+00:00,FREEMIUM,Augment Code,Augmentcode,PRODUCT,1.0,AI Tools List,https://www.augmentcode.com
2026-08-12T11:58:36.013419+00:00,FREEMIUM,Glideapps Com,Glideapps,PRODUCT,1.0,AI Tools List,https://glideapps.com
2026-08-12T11:58:36.013427+00:00,FREEMIUM,Copy Ai,Copy,PRODUCT,1.0,AI Tools List,https://www.copy.ai
2026-08-12T11:58:36.013434+00:00,FREEMIUM,Clay 2 0,Clay,PRODUCT,1.0,AI Tools List,https://www.clay.com
2026-08-12T11:58:36.013442+00:00,FREEMIUM,Composio,Composio,PRODUCT,1.0,AI Tools List,https://composio.dev
2026-08-12T11:58:36.013450+00:00,FREEMIUM,Composio Mcp,Composio,PRODUCT,1.0,AI Tools List,https://composio.dev/mcp
2026-08-12T11:58:36.013458+00:00,FREEMIUM,Textcortex Ai,Textcortex,PRODUCT,1.0,AI Tools List,https://textcortex.com/
2026-08-12T11:58:36.013467+00:00,FREEMIUM,Zeno Ai Knowledge Assistant,Textcortex,PRODUCT,1.0,AI Tools List,https://textcortex.com
2026-08-12T11:58:36.013474+00:00,FREEMIUM,Writer,Writer,PRODUCT,1.0,AI Tools List,https://writer.com
2026-08-12T11:58:36.013482+00:00,FREEMIUM,Deepgram Voice Ai,Deepgram,PRODUCT,1.0,AI Tools List,https://deepgram.partnerlinks.io/ps3mjcc1vth7
2026-08-12T11:58:36.013490+00:00,FREEMIUM,Tidio,Tidio,PRODUCT,1.0,AI Tools List,https://www.tidio.com
2026-08-12T11:58:36.013498+00:00,FREEMIUM,Omnichat Ai,Omnichat,PRODUCT,1.0,AI Tools List,https://www.omnichat.ai
2026-08-12T11:58:36.013505+00:00,FREEMIUM,Taskade,Taskade,PRODUCT,1.0,AI Tools List,https://taskade.com
2026-08-12T11:58:36.013513+00:00,FREEMIUM,Myshell,App,PRODUCT,1.0,AI Tools List,https://app.myshell.ai/explore
2026-08-12T11:58:36.013521+00:00,FREEMIUM,Voiceflow Ai,Voiceflow,PRODUCT,1.0,AI Tools List,https://voiceflow.com
2026-08-12T11:58:36.013529+00:00,FREEMIUM,Cursor Directory,Cursor,PRODUCT,1.0,AI Tools List,https://cursor.directory
2026-08-12T11:58:36.013537+00:00,FREEMIUM,Justcall,Justcall,PRODUCT,1.0,AI Tools List,https://justcall.io
2026-08-12T11:58:36.013545+00:00,FREEMIUM,Sintra Ai,Sintra,PRODUCT,1.0,AI Tools List,https://sintra.ai
2026-08-12T11:58:36.013571+00:00,FREEMIUM,Pinokio,Pinokio,PRODUCT,1.0,AI Tools List,https://pinokio.computer
2026-08-12T11:58:36.013580+00:00,FREEMIUM,Machinetranslation,Machinetranslation,PRODUCT,1.0,AI Tools List,https://www.machinetranslation.com
2026-08-12T11:58:36.013588+00:00,FREEMIUM,Relevance Ai,Relevanceai,PRODUCT,1.0,AI Tools List,https://relevanceai.com
2026-08-12T11:58:36.013596+00:00,FREEMIUM,Scale,Scale,PRODUCT,1.0,AI Tools List,https://scale.com
2026-08-12T11:58:36.013603+00:00,FREEMIUM,Superai,Superai,PRODUCT,1.0,AI Tools List,https://www.superai.id
2026-08-12T11:58:36.013610+00:00,FREEMIUM,Chatbase,Chatbase,PRODUCT,1.0,AI Tools List,https://www.chatbase.co/
2026-08-12T11:58:36.013618+00:00,FREEMIUM,B12 Io,B12,PRODUCT,1.0,AI Tools List,https://b12.io
2026-08-12T11:58:36.013626+00:00,FREEMIUM,Sensehq Com,Sensehq,PRODUCT,1.0,AI Tools List,https://sensehq.com
2026-08-12T11:58:36.013633+00:00,FREEMIUM,Harpa Ai,Harpa,PRODUCT,1.0,AI Tools List,https://harpa.ai
