collectedAt,content.data.employeeCount,content.entityName,recordType,schemaVersion,source.name,source.url
2026-08-12T11:34:25.227732+00:00,3,Marft,STARTUP,1.0,Y Combinator,http://marft.com
2026-08-12T11:34:25.227867+00:00,750,Amplitude,STARTUP,1.0,Y Combinator,https://amplitude.com
2026-08-12T11:34:25.228188+00:00,19,AgileMD,STARTUP,1.0,Y Combinator,https://agilemd.com
2026-08-12T11:34:25.228262+00:00,,Sift,STARTUP,1.0,Y Combinator,https://sift.com/
2026-08-12T11:34:25.228289+00:00,50,LeadGenius,STARTUP,1.0,Y Combinator,http://leadgenius.com
2026-08-12T11:34:25.228623+00:00,11,Insight Data Science,STARTUP,1.0,Y Combinator,http://insightdatascience.com
2026-08-12T11:34:25.229130+00:00,2,Directed Edge,STARTUP,1.0,Y Combinator,http://directededge.com
2026-08-12T11:34:25.229436+00:00,2,JustSpotted,STARTUP,1.0,Y Combinator,http://justspotted.com
2026-08-12T11:34:25.229640+00:00,0,Hello Chair,STARTUP,1.0,Y Combinator,http://hellochair.com
2026-08-12T11:34:25.229959+00:00,11,Canopy Labs,STARTUP,1.0,Y Combinator,http://canopylabs.com
2026-08-12T11:34:25.230026+00:00,11,Human Dx,STARTUP,1.0,Y Combinator,http://humandx.org
2026-08-12T11:34:25.230173+00:00,50,FileStack,STARTUP,1.0,Y Combinator,https://www.filestack.com/
2026-08-12T11:34:25.230194+00:00,50,Upwave,STARTUP,1.0,Y Combinator,http://www.upwave.com
2026-08-12T11:34:25.230461+00:00,320,Plivo,STARTUP,1.0,Y Combinator,https://plivo.com
2026-08-12T11:34:25.230482+00:00,92,Thread,STARTUP,1.0,Y Combinator,http://thread.com
2026-08-12T11:34:25.230689+00:00,120,RADAR,STARTUP,1.0,Y Combinator,https://goradar.com
2026-08-12T11:34:25.230839+00:00,25,Semantics3,STARTUP,1.0,Y Combinator,http://www.semantics3.com
2026-08-12T11:34:25.231034+00:00,50,Casetext,STARTUP,1.0,Y Combinator,http://casetext.com
2026-08-12T11:34:25.231353+00:00,3000,Cruise,STARTUP,1.0,Y Combinator,http://getcruise.com
2026-08-12T11:34:25.231491+00:00,34,Theorem,STARTUP,1.0,Y Combinator,http://theoremlp.com
2026-08-12T11:34:25.231506+00:00,11,Liftigniter,STARTUP,1.0,Y Combinator,http://liftigniter.com/
2026-08-12T11:34:25.231713+00:00,350,Unbabel,STARTUP,1.0,Y Combinator,http://unbabel.com
2026-08-12T11:34:25.231726+00:00,30,MixerBox,STARTUP,1.0,Y Combinator,http://mixerbox.com
2026-08-12T11:34:25.231734+00:00,,OpenCurriculum,STARTUP,1.0,Y Combinator,https://opencurriculum.org
2026-08-12T11:34:25.231750+00:00,20,Dyspatch,STARTUP,1.0,Y Combinator,https://www.dyspatch.io
2026-08-12T11:34:25.231759+00:00,3,Whirlscape,STARTUP,1.0,Y Combinator,http://getdango.com
2026-08-12T11:34:25.231779+00:00,2,Framed Data,STARTUP,1.0,Y Combinator,http://www.framed.io
2026-08-12T11:34:25.231871+00:00,800,Checkr,STARTUP,1.0,Y Combinator,http://www.checkr.com
2026-08-12T11:34:25.232025+00:00,11,MTailor,STARTUP,1.0,Y Combinator,http://mtailor.com
2026-08-12T11:34:25.232070+00:00,100,PicnicAI,STARTUP,1.0,Y Combinator,https://picnic.ai
2026-08-12T11:34:25.232136+00:00,100,UserGems,STARTUP,1.0,Y Combinator,https://www.usergems.com
2026-08-12T11:34:25.232166+00:00,2,SalesSift,STARTUP,1.0,Y Combinator,https://salessift.com
2026-08-12T11:34:25.232229+00:00,8,Tule,STARTUP,1.0,Y Combinator,http://tuletechnologies.com
2026-08-12T11:34:25.232240+00:00,11,Weave,STARTUP,1.0,Y Combinator,http://weave.in
2026-08-12T11:34:25.232368+00:00,230,Qventus,STARTUP,1.0,Y Combinator,http://qventus.com
2026-08-12T11:34:25.232393+00:00,8,Pomello,STARTUP,1.0,Y Combinator,http://pomello.com
2026-08-12T11:34:25.232419+00:00,2,20n,STARTUP,1.0,Y Combinator,http://20n.com
2026-08-12T11:34:25.232429+00:00,1000,Akido Labs,STARTUP,1.0,Y Combinator,http://akidolabs.com
2026-08-12T11:34:25.232516+00:00,67,Numerion Labs,STARTUP,1.0,Y Combinator,https://www.numerionlabs.ai
2026-08-12T11:34:25.232541+00:00,2,CyberFend,STARTUP,1.0,Y Combinator,http://cyberfend.com
2026-08-12T11:34:25.232565+00:00,200,Zeitview,STARTUP,1.0,Y Combinator,https://www.zeitview.com/
2026-08-12T11:34:25.232573+00:00,60,Bankjoy,STARTUP,1.0,Y Combinator,http://bankjoy.com
2026-08-12T11:34:25.232668+00:00,60,Pachyderm,STARTUP,1.0,Y Combinator,http://pachyderm.com
2026-08-12T11:34:25.232685+00:00,50,Paperspace,STARTUP,1.0,Y Combinator,https://www.paperspace.com
2026-08-12T11:34:25.232739+00:00,17,Smarking,STARTUP,1.0,Y Combinator,http://smarking.com
2026-08-12T11:34:25.232748+00:00,158,Tempo,STARTUP,1.0,Y Combinator,https://tempo.fit/
2026-08-12T11:34:25.232820+00:00,10,Resolve,STARTUP,1.0,Y Combinator,https://www.resolvebim.com
2026-08-12T11:34:25.232828+00:00,2,YesGraph,STARTUP,1.0,Y Combinator,http://yesgraph.com
2026-08-12T11:34:25.232838+00:00,17,Yhat,STARTUP,1.0,Y Combinator,https://www.yhat.com
2026-08-12T11:34:25.232996+00:00,3,Dabble,STARTUP,1.0,Y Combinator,https://dabble.so
2026-08-12T11:34:25.233084+00:00,23,SigOpt,STARTUP,1.0,Y Combinator,https://sigopt.com
2026-08-12T11:34:25.233099+00:00,9,Standard Cyborg,STARTUP,1.0,Y Combinator,http://standardcyborg.com
2026-08-12T11:34:25.233233+00:00,13,Tara AI,STARTUP,1.0,Y Combinator,http://www.tara.ai
2026-08-12T11:34:25.233242+00:00,28,Replika,STARTUP,1.0,Y Combinator,https://replika.ai/
2026-08-12T11:34:25.233304+00:00,150,Mashgin,STARTUP,1.0,Y Combinator,http://mashgin.com
2026-08-12T11:34:25.233334+00:00,255,Teleport,STARTUP,1.0,Y Combinator,https://goteleport.com
2026-08-12T11:34:25.233442+00:00,30,ROSS Intelligence,STARTUP,1.0,Y Combinator,http://rossintelligence.com
2026-08-12T11:34:25.233478+00:00,23,SnapMagic,STARTUP,1.0,Y Combinator,https://www.snapmagic.com
2026-08-12T11:34:25.233573+00:00,2,Shotput,STARTUP,1.0,Y Combinator,http://theshotput.com
2026-08-12T11:34:25.233611+00:00,53,Tesorio,STARTUP,1.0,Y Combinator,https://www.tesorio.com
2026-08-12T11:34:25.233622+00:00,8,Thrive Agritech,STARTUP,1.0,Y Combinator,http://www.thriveagritech.com
2026-08-12T11:34:25.233635+00:00,50,Verge Genomics,STARTUP,1.0,Y Combinator,http://vergegenomics.com
2026-08-12T11:34:25.233723+00:00,280,Drip Capital,STARTUP,1.0,Y Combinator,http://dripcapital.com
2026-08-12T11:34:25.233848+00:00,2,Reduced Energy Microsystems,STARTUP,1.0,Y Combinator,http://remicro.com
2026-08-12T11:34:25.233929+00:00,1,Traversal Networks,STARTUP,1.0,Y Combinator,http://traversalnetworks.com
2026-08-12T11:34:25.234043+00:00,10,Klarismo,STARTUP,1.0,Y Combinator,http://klarismo.com
2026-08-12T11:34:25.234163+00:00,8,VOIQ,STARTUP,1.0,Y Combinator,http://voiq.com
2026-08-12T11:34:25.234240+00:00,115,Deepgram,STARTUP,1.0,Y Combinator,https://www.deepgram.com
2026-08-12T11:34:25.234349+00:00,9,iSono Health,STARTUP,1.0,Y Combinator,http://www.isonohealth.com
2026-08-12T11:34:25.234415+00:00,126,Daily,STARTUP,1.0,Y Combinator,https://daily.co
2026-08-12T11:34:25.234431+00:00,4,Algoriz,STARTUP,1.0,Y Combinator,http://www.algoriz.com
2026-08-12T11:34:25.234587+00:00,15,Pulpix,STARTUP,1.0,Y Combinator,https://www.pulpix.com
2026-08-12T11:34:25.234597+00:00,22,Revl,STARTUP,1.0,Y Combinator,https://revl.com/
2026-08-12T11:34:25.234691+00:00,3,Netomi,STARTUP,1.0,Y Combinator,https://netomi.com
2026-08-12T11:34:25.234705+00:00,850,Superside,STARTUP,1.0,Y Combinator,http://www.superside.com
2026-08-12T11:34:25.234724+00:00,250,Luciq (formerly Instabug),STARTUP,1.0,Y Combinator,https://luciq.ai
2026-08-12T11:34:25.234751+00:00,6,Pave,STARTUP,1.0,Y Combinator,https://www.paveai.com/
2026-08-12T11:34:25.234770+00:00,1000,Podium,STARTUP,1.0,Y Combinator,https://podium.com
2026-08-12T11:34:25.234831+00:00,230,Gecko Robotics,STARTUP,1.0,Y Combinator,https://www.geckorobotics.com
2026-08-12T11:34:25.234850+00:00,2,HistoWiz,STARTUP,1.0,Y Combinator,http://histowiz.com
2026-08-12T11:34:25.234879+00:00,15,Caper,STARTUP,1.0,Y Combinator,https://www.caper.ai/
2026-08-12T11:34:25.234993+00:00,300,Sendbird,STARTUP,1.0,Y Combinator,https://sendbird.com
2026-08-12T11:34:25.235008+00:00,2500,Relativity Space,STARTUP,1.0,Y Combinator,http://relativityspace.com
2026-08-12T11:34:25.235040+00:00,11,Nova,STARTUP,1.0,Y Combinator,http://www.nova.ai
2026-08-12T11:34:25.235299+00:00,10,Farmstead,STARTUP,1.0,Y Combinator,http://farmsteadapp.com
2026-08-12T11:34:25.235358+00:00,2,Sway Finance,STARTUP,1.0,Y Combinator,https://www.swayfinance.com
2026-08-12T11:34:25.235366+00:00,,Iris Automation,STARTUP,1.0,Y Combinator,http://www.irisonboard.com
2026-08-12T11:34:25.235401+00:00,35,OneChronos,STARTUP,1.0,Y Combinator,https://www.onechronos.com/
2026-08-12T11:34:25.235482+00:00,201,garten,STARTUP,1.0,Y Combinator,https://garten.co/
2026-08-12T11:34:25.235489+00:00,20,Mosaix.ai,STARTUP,1.0,Y Combinator,https://mosaix.ai
2026-08-12T11:34:25.235538+00:00,3,NeoWize,STARTUP,1.0,Y Combinator,http://www.neowize.com
2026-08-12T11:34:25.235558+00:00,2,Airo Health,STARTUP,1.0,Y Combinator,http://www.airohealth.com
2026-08-12T11:34:25.235566+00:00,4,Synvivia,STARTUP,1.0,Y Combinator,https://www.synvivia.com
2026-08-12T11:34:25.235610+00:00,39,Seerslab,STARTUP,1.0,Y Combinator,http://www.argear.io
2026-08-12T11:34:25.235642+00:00,100,Miso,STARTUP,1.0,Y Combinator,http://miso.kr
2026-08-12T11:34:25.235660+00:00,1000,Athelas,STARTUP,1.0,Y Combinator,http://athelas.com
2026-08-12T11:34:25.235734+00:00,32,CrowdAI,STARTUP,1.0,Y Combinator,https://crowdai.com/
2026-08-12T11:34:25.235761+00:00,23,Saleswhale,STARTUP,1.0,Y Combinator,https://www.saleswhale.com/
2026-08-12T11:34:25.235777+00:00,500,Scale AI,STARTUP,1.0,Y Combinator,http://scale.com
2026-08-12T11:34:25.235797+00:00,300,People.ai,STARTUP,1.0,Y Combinator,https://people.ai
2026-08-12T11:34:25.235934+00:00,10,Voiceops,STARTUP,1.0,Y Combinator,https://voiceops.com
2026-08-12T11:34:25.235964+00:00,40,Speak,STARTUP,1.0,Y Combinator,http://speak.com
2026-08-12T11:34:25.235982+00:00,4,Bountiful,STARTUP,1.0,Y Combinator,https://bountiful.ag/
2026-08-12T11:34:25.235993+00:00,2,Cowlar,STARTUP,1.0,Y Combinator,http://www.cowlar.com
2026-08-12T11:34:25.236001+00:00,15,Scribe,STARTUP,1.0,Y Combinator,http://tryscribe.com/
2026-08-12T11:34:25.236047+00:00,2,Pit.AI,STARTUP,1.0,Y Combinator,https://www.pit.ai
2026-08-12T11:34:25.236131+00:00,40,MDalgorithms Inc.,STARTUP,1.0,Y Combinator,https://www.mdalgorithms.com
2026-08-12T11:34:25.236302+00:00,7,Entry,STARTUP,1.0,Y Combinator,http://getentry.com
2026-08-12T11:34:25.236308+00:00,16,RankScience,STARTUP,1.0,Y Combinator,https://www.rankscience.com
2026-08-12T11:34:25.236342+00:00,150,Ambient.ai,STARTUP,1.0,Y Combinator,https://ambient.ai
2026-08-12T11:34:25.236360+00:00,2,Penny,STARTUP,1.0,Y Combinator,https://www.pennyapp.io
2026-08-12T11:34:25.236414+00:00,70,"Veryfi, Inc.",STARTUP,1.0,Y Combinator,https://www.veryfi.com/
2026-08-12T11:34:25.236469+00:00,25,AlemHealth,STARTUP,1.0,Y Combinator,https://www.alemhealth.com
2026-08-12T11:34:25.236522+00:00,2,Tetra,STARTUP,1.0,Y Combinator,https://asktetra.com
2026-08-12T11:34:25.236536+00:00,4,FloydHub,STARTUP,1.0,Y Combinator,http://www.floydhub.com/
2026-08-12T11:34:25.236604+00:00,45,BIOS Health,STARTUP,1.0,Y Combinator,https://www.bios.health
2026-08-12T11:34:25.236627+00:00,102,NanoNets,STARTUP,1.0,Y Combinator,https://nanonets.com
2026-08-12T11:34:25.236646+00:00,11,Bicycle AI,STARTUP,1.0,Y Combinator,http://bicycleai.com
2026-08-12T11:34:25.236728+00:00,900,Faire,STARTUP,1.0,Y Combinator,https://www.faire.com/
2026-08-12T11:34:25.236748+00:00,88,Ridecell,STARTUP,1.0,Y Combinator,https://www.ridecell.com
2026-08-12T11:34:25.236848+00:00,7,Mirror AI,STARTUP,1.0,Y Combinator,http://mirror-ai.com
2026-08-12T11:34:25.236872+00:00,22,Helix Nanotechnologies,STARTUP,1.0,Y Combinator,http://helixnano.com
2026-08-12T11:34:25.236881+00:00,4,ScopeAI,STARTUP,1.0,Y Combinator,https://www.getscopeai.com
2026-08-12T11:34:25.236919+00:00,225,Jerry,STARTUP,1.0,Y Combinator,https://jerry.ai/
2026-08-12T11:34:25.236966+00:00,33,Skyways,STARTUP,1.0,Y Combinator,http://skyways.com
2026-08-12T11:34:25.237001+00:00,70,VergeSense,STARTUP,1.0,Y Combinator,http://www.vergesense.com
2026-08-12T11:34:25.237099+00:00,35,UpCodes,STARTUP,1.0,Y Combinator,https://up.codes/
2026-08-12T11:34:25.237106+00:00,150,Standard AI,STARTUP,1.0,Y Combinator,https://standard.ai
2026-08-12T11:34:25.237146+00:00,25,Nimble,STARTUP,1.0,Y Combinator,http://www.hirenimble.com
2026-08-12T11:34:25.237154+00:00,8,Darmiyan,STARTUP,1.0,Y Combinator,https://www.darmiyan.com/
2026-08-12T11:34:25.237177+00:00,1000,Flock Safety,STARTUP,1.0,Y Combinator,http://www.flocksafety.com
2026-08-12T11:34:25.237226+00:00,6,Mystro,STARTUP,1.0,Y Combinator,http://www.mystrodriver.com
2026-08-12T11:34:25.237243+00:00,2,Semantix,STARTUP,1.0,Y Combinator,https://www.semantix.ai
2026-08-12T11:34:25.237276+00:00,38,Upfort,STARTUP,1.0,Y Combinator,https://www.upfort.com
2026-08-12T11:34:25.237294+00:00,2,Plasticity,STARTUP,1.0,Y Combinator,https://www.plasticity.ai
2026-08-12T11:34:25.237330+00:00,17,Cairns Health,STARTUP,1.0,Y Combinator,https://www.cairns.ai
2026-08-12T11:34:25.237354+00:00,7,Spect,STARTUP,1.0,Y Combinator,http://www.getspect.com
2026-08-12T11:34:25.237492+00:00,27,D-ID,STARTUP,1.0,Y Combinator,http://www.d-id.com
2026-08-12T11:34:25.237529+00:00,7,Percept.AI,STARTUP,1.0,Y Combinator,https://www.percept.ai/
2026-08-12T11:34:25.237566+00:00,35,Sourceress,STARTUP,1.0,Y Combinator,http://sourceress.com/
2026-08-12T11:34:25.237609+00:00,44,Headstart,STARTUP,1.0,Y Combinator,https://www.headstart.io
2026-08-12T11:34:25.237632+00:00,260,May Mobility,STARTUP,1.0,Y Combinator,http://maymobility.com
2026-08-12T11:34:25.237652+00:00,2,Commissary Club (formerly 70 Million Jobs),STARTUP,1.0,Y Combinator,https://www.Commissary.Club
2026-08-12T11:34:25.237688+00:00,65,AssemblyAI,STARTUP,1.0,Y Combinator,https://www.assemblyai.com
2026-08-12T11:34:25.237710+00:00,13,Lyrebird,STARTUP,1.0,Y Combinator,https://lyrebird.ai/
2026-08-12T11:34:25.237803+00:00,17,Social Construct,STARTUP,1.0,Y Combinator,http://socialconstructco.com
2026-08-12T11:34:25.237813+00:00,5,10 By 10,STARTUP,1.0,Y Combinator,https://10by10.io
2026-08-12T11:34:25.237825+00:00,20,Thematic,STARTUP,1.0,Y Combinator,http://www.getthematic.com
2026-08-12T11:34:25.237835+00:00,1,FollowUpThen,STARTUP,1.0,Y Combinator,https://www.followupthen.com/
2026-08-12T11:34:25.237858+00:00,9,Candidately,STARTUP,1.0,Y Combinator,https://www.candidately.com/
2026-08-12T11:34:25.237938+00:00,40,Proven Group,STARTUP,1.0,Y Combinator,https://www.provenskincare.com
2026-08-12T11:34:25.237957+00:00,7,Precious,STARTUP,1.0,Y Combinator,https://preciousapp.com/
2026-08-12T11:34:25.237995+00:00,30,Spellbrush,STARTUP,1.0,Y Combinator,https://spellbrush.com
2026-08-12T11:34:25.238038+00:00,195,Jasper.ai,STARTUP,1.0,Y Combinator,https://jasper.ai
2026-08-12T11:34:25.238061+00:00,25,Assembly,STARTUP,1.0,Y Combinator,https://www.assembly.com
2026-08-12T11:34:25.238082+00:00,5,Observant AI,STARTUP,1.0,Y Combinator,https://www.observantai.com
2026-08-12T11:34:25.238108+00:00,80,Fondo,STARTUP,1.0,Y Combinator,https://fondo.com
2026-08-12T11:34:25.238135+00:00,40,Slite,STARTUP,1.0,Y Combinator,https://slite.com/
2026-08-12T11:34:25.238160+00:00,10,ClearBrain,STARTUP,1.0,Y Combinator,https://clearbrain.com/
2026-08-12T11:34:25.238213+00:00,5,Sepsis Scout,STARTUP,1.0,Y Combinator,https://sepsisscout.com
2026-08-12T11:34:25.238275+00:00,80,Promise,STARTUP,1.0,Y Combinator,http://promise-pay.com
2026-08-12T11:34:25.238310+00:00,29,Reverie Labs,STARTUP,1.0,Y Combinator,http://www.reverielabs.com
2026-08-12T11:34:25.238334+00:00,100,Nuvocargo,STARTUP,1.0,Y Combinator,http://www.nuvocargo.com
2026-08-12T11:34:25.238491+00:00,23,Evolve (makers of Podcast App & Rest),STARTUP,1.0,Y Combinator,https://getrest.app
2026-08-12T11:34:25.238517+00:00,14,Edwin,STARTUP,1.0,Y Combinator,https://edwin.ai
2026-08-12T11:34:25.238539+00:00,30,Acely,STARTUP,1.0,Y Combinator,https://acely.com
2026-08-12T11:34:25.238587+00:00,12,Cognition IP,STARTUP,1.0,Y Combinator,https://www.cognitionip.com
2026-08-12T11:34:25.238628+00:00,6,Vathys,STARTUP,1.0,Y Combinator,http://vathys.ai
2026-08-12T11:34:25.238636+00:00,25,Naborly,STARTUP,1.0,Y Combinator,https://naborly.com
2026-08-12T11:34:25.238647+00:00,80,Weekend (fmr. Volley),STARTUP,1.0,Y Combinator,https://weekend.com
2026-08-12T11:34:25.238655+00:00,4,SharpestMinds,STARTUP,1.0,Y Combinator,http://sharpestminds.com
2026-08-12T11:34:25.238690+00:00,25,Tilt (f.k.a. Delphia),STARTUP,1.0,Y Combinator,http://tilt.io
2026-08-12T11:34:25.238717+00:00,40,Orangewood Labs,STARTUP,1.0,Y Combinator,http://www.orangewood.co
2026-08-12T11:34:25.238749+00:00,115,Memora Health,STARTUP,1.0,Y Combinator,https://memorahealth.com
2026-08-12T11:34:25.238758+00:00,35,Zyper,STARTUP,1.0,Y Combinator,https://zyper.com/
2026-08-12T11:34:25.238768+00:00,8,AlgoSurg Inc,STARTUP,1.0,Y Combinator,http://www.algosurg.com
2026-08-12T11:34:25.238824+00:00,2,Voicery,STARTUP,1.0,Y Combinator,http://www.voicery.com
2026-08-12T11:34:25.238861+00:00,5,Point API,STARTUP,1.0,Y Combinator,https://pointapi.com
2026-08-12T11:34:25.238873+00:00,6,Jido Maps,STARTUP,1.0,Y Combinator,https://jidomaps.com/
2026-08-12T11:34:25.238886+00:00,240,Observe.AI,STARTUP,1.0,Y Combinator,https://observe.ai
2026-08-12T11:34:25.238951+00:00,600,Helloverify,STARTUP,1.0,Y Combinator,https://www.helloverify.ae
2026-08-12T11:34:25.239001+00:00,30,Swayable,STARTUP,1.0,Y Combinator,http://swayable.com
2026-08-12T11:34:25.239049+00:00,12,Phiar,STARTUP,1.0,Y Combinator,https://www.phiar.net
2026-08-12T11:34:25.239057+00:00,10,OWNY,STARTUP,1.0,Y Combinator,https://www.owny.com
2026-08-12T11:34:25.239079+00:00,128,Within,STARTUP,1.0,Y Combinator,http://within.ai
2026-08-12T11:34:25.239111+00:00,3,"numericcal, inc.",STARTUP,1.0,Y Combinator,http://numericcal.com/
2026-08-12T11:34:25.239117+00:00,20,Searchlight,STARTUP,1.0,Y Combinator,https://www.searchlight.ai/
2026-08-12T11:34:25.239175+00:00,15,Activeloop,STARTUP,1.0,Y Combinator,https://activeloop.ai/
2026-08-12T11:34:25.239196+00:00,40,Titan,STARTUP,1.0,Y Combinator,http://www.titan.com
2026-08-12T11:34:25.239205+00:00,10,Data Driven Bioscience,STARTUP,1.0,Y Combinator,http://datadrivenbioscience.com
2026-08-12T11:34:25.239222+00:00,35,Inscribe,STARTUP,1.0,Y Combinator,https://www.inscribe.ai/
2026-08-12T11:34:25.239232+00:00,18,JITX,STARTUP,1.0,Y Combinator,http://www.jitx.com
2026-08-12T11:34:25.239369+00:00,25,64x Bio,STARTUP,1.0,Y Combinator,http://www.64xbio.com
2026-08-12T11:34:25.239384+00:00,20,Anima App,STARTUP,1.0,Y Combinator,https://www.animaapp.com
2026-08-12T11:34:25.239409+00:00,6,LabelFlow,STARTUP,1.0,Y Combinator,https://labelflow.ai/
2026-08-12T11:34:25.239501+00:00,60,Regology,STARTUP,1.0,Y Combinator,http://regology.com
2026-08-12T11:34:25.239510+00:00,7,Quickchat AI,STARTUP,1.0,Y Combinator,https://quickchat.ai/
2026-08-12T11:34:25.239549+00:00,12,Rain Neuromorphics,STARTUP,1.0,Y Combinator,http://www.rain-neuromorphics.com
2026-08-12T11:34:25.239608+00:00,8,Alpha Vantage,STARTUP,1.0,Y Combinator,https://www.alphavantage.co/
2026-08-12T11:34:25.239643+00:00,7,MentalHappy,STARTUP,1.0,Y Combinator,http://www.MentalHappy.com
2026-08-12T11:34:25.239690+00:00,65,Prodigal,STARTUP,1.0,Y Combinator,https://prodigaltech.com/
2026-08-12T11:34:25.239717+00:00,60,TENDERD,STARTUP,1.0,Y Combinator,https://www.tenderd.com/
2026-08-12T11:34:25.239764+00:00,20,Nestor,STARTUP,1.0,Y Combinator,https://nestorup.com
2026-08-12T11:34:25.239773+00:00,40,Shelf Engine,STARTUP,1.0,Y Combinator,http://www.shelfengine.com
2026-08-12T11:34:25.239787+00:00,55,Eden,STARTUP,1.0,Y Combinator,https://edenmed.com
2026-08-12T11:34:25.239814+00:00,18,BrainHi,STARTUP,1.0,Y Combinator,https://www.brainhi.com
2026-08-12T11:34:25.239842+00:00,204,Kobo360,STARTUP,1.0,Y Combinator,http://www.kobo360.com
2026-08-12T11:34:25.239868+00:00,20,Mutiny,STARTUP,1.0,Y Combinator,https://www.mutinyhq.com
2026-08-12T11:34:25.239896+00:00,500,Leena AI,STARTUP,1.0,Y Combinator,https://www.leena.ai
2026-08-12T11:34:25.239940+00:00,15,SPATE,STARTUP,1.0,Y Combinator,https://www.spate.nyc
2026-08-12T11:34:25.239967+00:00,20,LemonBox,STARTUP,1.0,Y Combinator,http://www.lemonbox.com/
2026-08-12T11:34:25.239979+00:00,50,iLabService,STARTUP,1.0,Y Combinator,https://www.ilabservice.ai
2026-08-12T11:34:25.240041+00:00,4,Aesthetic,STARTUP,1.0,Y Combinator,https://www.aesthetic.com
2026-08-12T11:34:25.240053+00:00,85,Kunduz,STARTUP,1.0,Y Combinator,https://kunduz.com/
2026-08-12T11:34:25.240074+00:00,40,Overview,STARTUP,1.0,Y Combinator,https://overview.ai
2026-08-12T11:34:25.240112+00:00,10,Flockjay,STARTUP,1.0,Y Combinator,https://flockjay.com
2026-08-12T11:34:25.240196+00:00,18,AllSome Fulfillment,STARTUP,1.0,Y Combinator,https://www.allsome.com
2026-08-12T11:34:25.240206+00:00,85,Pachama,STARTUP,1.0,Y Combinator,http://pachama.com
2026-08-12T11:34:25.240234+00:00,21,Keeper,STARTUP,1.0,Y Combinator,https://keepertax.com
2026-08-12T11:34:25.240285+00:00,45,Centaur,STARTUP,1.0,Y Combinator,https://centaur.ai/
2026-08-12T11:34:25.240368+00:00,5,Windsor,STARTUP,1.0,Y Combinator,https://windsor.io
2026-08-12T11:34:25.240408+00:00,73,Hatch,STARTUP,1.0,Y Combinator,http://usehatch.ai
2026-08-12T11:34:25.240415+00:00,20,BrainKey,STARTUP,1.0,Y Combinator,https://www.brainkey.ai/
2026-08-12T11:34:25.240436+00:00,16,MedCrypt,STARTUP,1.0,Y Combinator,https://www.medcrypt.co
2026-08-12T11:34:25.240483+00:00,70,GoLinks,STARTUP,1.0,Y Combinator,https://www.golinks.io
2026-08-12T11:34:25.240496+00:00,9,Tailornova/Couturme,STARTUP,1.0,Y Combinator,http://patternfast.com
2026-08-12T11:34:25.240533+00:00,101,Community Phone Company,STARTUP,1.0,Y Combinator,https://www.communityphone.org/
2026-08-12T11:34:25.240543+00:00,2,Basilica,STARTUP,1.0,Y Combinator,https://www.basilica.ai
2026-08-12T11:34:25.240557+00:00,2,Sapling.ai,STARTUP,1.0,Y Combinator,https://sapling.ai
2026-08-12T11:34:25.240609+00:00,25,Demodesk,STARTUP,1.0,Y Combinator,https://demodesk.com
2026-08-12T11:34:25.240625+00:00,16,AI Insurance,STARTUP,1.0,Y Combinator,https://www.aiinsurance.io
2026-08-12T11:34:25.240674+00:00,2,Evo.Do,STARTUP,1.0,Y Combinator,http://www.evo.do/
2026-08-12T11:34:25.240684+00:00,2,Docucharm,STARTUP,1.0,Y Combinator,http://www.docucharm.com
2026-08-12T11:34:25.240710+00:00,17,Askdata,STARTUP,1.0,Y Combinator,http://www.askdata.com
2026-08-12T11:34:25.240727+00:00,17,Probably Genetic,STARTUP,1.0,Y Combinator,https://www.probablygenetic.com/
2026-08-12T11:34:25.240757+00:00,30,Superorder,STARTUP,1.0,Y Combinator,https://superorder.com/
2026-08-12T11:34:25.240769+00:00,30,Bunkerhill Health,STARTUP,1.0,Y Combinator,http://bunkerhillhealth.com
2026-08-12T11:34:25.240810+00:00,50,Landed,STARTUP,1.0,Y Combinator,https://www.gotlanded.com
2026-08-12T11:34:25.240823+00:00,1,Autodial prev Qwest,STARTUP,1.0,Y Combinator,https://www.autodial.com
2026-08-12T11:34:25.240831+00:00,5,Pyxai,STARTUP,1.0,Y Combinator,https://www.pyxai.com
2026-08-12T11:34:25.240946+00:00,10,Aura Vision,STARTUP,1.0,Y Combinator,https://auravision.ai
2026-08-12T11:34:25.240990+00:00,3,Hypnos,STARTUP,1.0,Y Combinator,http://hypnos.ai
2026-08-12T11:34:25.240996+00:00,65,Superb AI,STARTUP,1.0,Y Combinator,https://www.superb-ai.com
2026-08-12T11:34:25.241005+00:00,6,Traverse Technologies,STARTUP,1.0,Y Combinator,https://traverse.ai
2026-08-12T11:34:25.241032+00:00,12,Upsolve,STARTUP,1.0,Y Combinator,https://upsolve.org/learn/should-i-file-for-chapter-7-bankruptcy/
2026-08-12T11:34:25.241207+00:00,46,Glide,STARTUP,1.0,Y Combinator,https://www.glideapps.com
2026-08-12T11:34:25.241235+00:00,34,AXDRAFT,STARTUP,1.0,Y Combinator,https://axdraft.com
2026-08-12T11:34:25.241287+00:00,0,Sublime Black,STARTUP,1.0,Y Combinator,http://sublimeblack.com
2026-08-12T11:34:25.241300+00:00,15,Mars Auto,STARTUP,1.0,Y Combinator,https://marsauto.com
2026-08-12T11:34:25.241309+00:00,18,Allure Systems,STARTUP,1.0,Y Combinator,http://www.alluresystems.com/
2026-08-12T11:34:25.241355+00:00,10,Tailor-ED,STARTUP,1.0,Y Combinator,https://www.tailor-ed.com/
2026-08-12T11:34:25.241377+00:00,5,Cosmic,STARTUP,1.0,Y Combinator,https://www.cosmicjs.com
2026-08-12T11:34:25.241395+00:00,15,"OutRival, Inc.",STARTUP,1.0,Y Combinator,https://outrival.com/
2026-08-12T11:34:25.241407+00:00,20,1910,STARTUP,1.0,Y Combinator,http://1910.ai
2026-08-12T11:34:25.241436+00:00,40,rct AI,STARTUP,1.0,Y Combinator,http://rct.ai
2026-08-12T11:34:25.241560+00:00,7,Spiral Genetics,STARTUP,1.0,Y Combinator,http://www.spiralgenetics.com
2026-08-12T11:34:25.241604+00:00,3,Playground,STARTUP,1.0,Y Combinator,https://playground.com
2026-08-12T11:34:25.241659+00:00,4,Shiru,STARTUP,1.0,Y Combinator,https://www.shiru.com/
2026-08-12T11:34:25.241690+00:00,2,Figments,STARTUP,1.0,Y Combinator,https://plotdrive.com
2026-08-12T11:34:25.241709+00:00,2,Palifer,STARTUP,1.0,Y Combinator,https://www.palifer.com
2026-08-12T11:34:25.241742+00:00,8,Symplex,STARTUP,1.0,Y Combinator,https://www.ycombinator.com/companies/symplex
2026-08-12T11:34:25.241751+00:00,6,Kraftful,STARTUP,1.0,Y Combinator,http://www.kraftful.com/
2026-08-12T11:34:25.241772+00:00,3,Well Principled,STARTUP,1.0,Y Combinator,https://wellprincipled.com
2026-08-12T11:34:25.241823+00:00,120,Short Story,STARTUP,1.0,Y Combinator,https://shortstorybox.com
2026-08-12T11:34:25.241872+00:00,500,Pair Team,STARTUP,1.0,Y Combinator,https://pairteam.com/
2026-08-12T11:34:25.241937+00:00,400,TRM Labs,STARTUP,1.0,Y Combinator,https://trmlabs.com/
2026-08-12T11:34:25.241946+00:00,4,Soteris,STARTUP,1.0,Y Combinator,http://www.soteris.co
2026-08-12T11:34:25.241954+00:00,4,Lantern,STARTUP,1.0,Y Combinator,https://www.lantern.so
2026-08-12T11:34:25.241966+00:00,4,AudioFocus,STARTUP,1.0,Y Combinator,http://audiofocus.io
2026-08-12T11:34:25.241982+00:00,180,Prolific,STARTUP,1.0,Y Combinator,https://www.prolific.com
2026-08-12T11:34:25.241992+00:00,3,Dashblock,STARTUP,1.0,Y Combinator,https://dashblock.com
2026-08-12T11:34:25.242008+00:00,,GEn1E Lifesciences,STARTUP,1.0,Y Combinator,https://www.gen1e.com
2026-08-12T11:34:25.242032+00:00,62,Embrace,STARTUP,1.0,Y Combinator,https://embrace.io
2026-08-12T11:34:25.242042+00:00,35,Mindset Health,STARTUP,1.0,Y Combinator,https://www.mindsethealth.com
2026-08-12T11:34:25.242056+00:00,7,Yummy Future,STARTUP,1.0,Y Combinator,https://yummy-future.com
2026-08-12T11:34:25.242119+00:00,12,ZETA SURGICAL,STARTUP,1.0,Y Combinator,http://zetasurgical.com
2026-08-12T11:34:25.242132+00:00,4,Milo,STARTUP,1.0,Y Combinator,http://www.joinmilo.com
2026-08-12T11:34:25.242192+00:00,5,Downtobid,STARTUP,1.0,Y Combinator,https://downtobid.com
2026-08-12T11:34:25.242250+00:00,10,Rosebud AI,STARTUP,1.0,Y Combinator,http://rosebud.ai
2026-08-12T11:34:25.242286+00:00,20,Arpeggio Bio,STARTUP,1.0,Y Combinator,http://www.arpeggiobio.com
2026-08-12T11:34:25.242355+00:00,12,EARTH AI,STARTUP,1.0,Y Combinator,http://www.earth-ai.com
2026-08-12T11:34:25.242370+00:00,150,CoLab,STARTUP,1.0,Y Combinator,http://colabsoftware.com
2026-08-12T11:34:25.242418+00:00,10,Chaos Genius,STARTUP,1.0,Y Combinator,http://www.chaosgenius.io
2026-08-12T11:34:25.242459+00:00,2,Tensil,STARTUP,1.0,Y Combinator,https://www.tensil.ai
2026-08-12T11:34:25.242467+00:00,85,Vahan,STARTUP,1.0,Y Combinator,https://vahan.ai
2026-08-12T11:34:25.242495+00:00,6,Finlens,STARTUP,1.0,Y Combinator,https://finlens.app
2026-08-12T11:34:25.242543+00:00,15,Ramen VR,STARTUP,1.0,Y Combinator,https://ramenvr.com/
2026-08-12T11:34:25.242564+00:00,10,Demand Curve,STARTUP,1.0,Y Combinator,https://www.demandcurve.com
2026-08-12T11:34:25.242579+00:00,200,Hightouch,STARTUP,1.0,Y Combinator,https://hightouch.com/
2026-08-12T11:34:25.242613+00:00,37,PredictLeads,STARTUP,1.0,Y Combinator,https://predictleads.com
2026-08-12T11:34:25.242676+00:00,27,Tranqui Finanzas,STARTUP,1.0,Y Combinator,https://tranquifinanzas.com/
2026-08-12T11:34:25.242731+00:00,10,Traces,STARTUP,1.0,Y Combinator,https://www.traces.ai
2026-08-12T11:34:25.242753+00:00,55,zeroheight,STARTUP,1.0,Y Combinator,https://zeroheight.com
2026-08-12T11:34:25.242772+00:00,2,Flowbot,STARTUP,1.0,Y Combinator,https://www.getflowbot.com
2026-08-12T11:34:25.242812+00:00,0,Deepnote,STARTUP,1.0,Y Combinator,https://www.deepnote.com/
2026-08-12T11:34:25.242828+00:00,6,Meridian Industries,STARTUP,1.0,Y Combinator,https://mora.com
2026-08-12T11:34:25.242838+00:00,6,Taskade,STARTUP,1.0,Y Combinator,https://www.taskade.com
2026-08-12T11:34:25.242869+00:00,65,Motion,STARTUP,1.0,Y Combinator,https://www.usemotion.com/
2026-08-12T11:34:25.242895+00:00,19,GitStart,STARTUP,1.0,Y Combinator,https://www.gitstart.com
2026-08-12T11:34:25.242910+00:00,50,Vendr,STARTUP,1.0,Y Combinator,http://www.vendr.com
2026-08-12T11:34:25.242960+00:00,7,Flowglad,STARTUP,1.0,Y Combinator,https://flowglad.com
2026-08-12T11:34:25.243017+00:00,8,Phonic,STARTUP,1.0,Y Combinator,https://phonic.ai
2026-08-12T11:34:25.243052+00:00,14,Abalone Bio,STARTUP,1.0,Y Combinator,https://www.abalonebio.com
2026-08-12T11:34:25.243070+00:00,5,StratumAI,STARTUP,1.0,Y Combinator,https://www.stratum.ai
2026-08-12T11:34:25.243142+00:00,41,MindsDB,STARTUP,1.0,Y Combinator,https://www.mindsdb.com/
2026-08-12T11:34:25.243167+00:00,1,FitnessAI,STARTUP,1.0,Y Combinator,https://fitnessai.com
2026-08-12T11:34:25.243187+00:00,32,Segmed,STARTUP,1.0,Y Combinator,https://segmed.ai
2026-08-12T11:34:25.243198+00:00,24,Explo,STARTUP,1.0,Y Combinator,https://explo.co/
2026-08-12T11:34:25.243211+00:00,10,Letterdrop,STARTUP,1.0,Y Combinator,https://letterdrop.com
2026-08-12T11:34:25.243247+00:00,40,Taiv,STARTUP,1.0,Y Combinator,https://taiv.tv
2026-08-12T11:34:25.243290+00:00,3,Orbiter,STARTUP,1.0,Y Combinator,http://www.getorbiter.com
2026-08-12T11:34:25.243299+00:00,1,Glisten AI,STARTUP,1.0,Y Combinator,http://glisten.ai
2026-08-12T11:34:25.243307+00:00,3,Ardis AI,STARTUP,1.0,Y Combinator,http://www.ardis.ai
2026-08-12T11:34:25.243342+00:00,25,Perceptive Technologies,STARTUP,1.0,Y Combinator,https://www.perceptive.io
2026-08-12T11:34:25.243360+00:00,20,Handoff,STARTUP,1.0,Y Combinator,https://www.handoff.ai/
2026-08-12T11:34:25.243367+00:00,22,Nextmv,STARTUP,1.0,Y Combinator,https://nextmv.io
2026-08-12T11:34:25.243387+00:00,5,Aden,STARTUP,1.0,Y Combinator,https://adenhq.com/
2026-08-12T11:34:25.243401+00:00,,Terrasoft,STARTUP,1.0,Y Combinator,https://www.ycombinator.com/companies/terrasoft
2026-08-12T11:34:25.243410+00:00,60,Datasaur,STARTUP,1.0,Y Combinator,https://datasaur.ai
2026-08-12T11:34:25.243417+00:00,9,Dashworks,STARTUP,1.0,Y Combinator,http://www.dashworks.ai
2026-08-12T11:34:25.243430+00:00,36,Replicate,STARTUP,1.0,Y Combinator,https://replicate.com
2026-08-12T11:34:25.243451+00:00,6,Basedash,STARTUP,1.0,Y Combinator,https://www.basedash.com
2026-08-12T11:34:25.243487+00:00,4,Clayboard,STARTUP,1.0,Y Combinator,http://clayboard.com
2026-08-12T11:34:25.243604+00:00,4,Visual One,STARTUP,1.0,Y Combinator,https://www.visualone.tech
2026-08-12T11:34:25.243616+00:00,8,Signadot,STARTUP,1.0,Y Combinator,https://www.signadot.com/
2026-08-12T11:34:25.243623+00:00,6,Operator.io,STARTUP,1.0,Y Combinator,http://operator.io
2026-08-12T11:34:25.243686+00:00,1,Scout,STARTUP,1.0,Y Combinator,https://www.scout.ml/
2026-08-12T11:34:25.243717+00:00,20,Medicare Vox (fka Fair Square),STARTUP,1.0,Y Combinator,https://www.medicarevox.com
2026-08-12T11:34:25.243736+00:00,5,Turing Labs Inc.,STARTUP,1.0,Y Combinator,http://www.turingsaas.com
2026-08-12T11:34:25.243772+00:00,45,Ello,STARTUP,1.0,Y Combinator,https://www.ello.com
2026-08-12T11:34:25.243792+00:00,70,QueryPie AI,STARTUP,1.0,Y Combinator,https://www.querypie.com
2026-08-12T11:34:25.243829+00:00,5,Typedream,STARTUP,1.0,Y Combinator,https://typedream.com/
2026-08-12T11:34:25.243860+00:00,30,Kinter,STARTUP,1.0,Y Combinator,https://kinter.ai
2026-08-12T11:34:25.243874+00:00,8,Dropbase,STARTUP,1.0,Y Combinator,https://dropbase.io
2026-08-12T11:34:25.243903+00:00,1,Trident Bioscience,STARTUP,1.0,Y Combinator,https://trident.bio
2026-08-12T11:34:25.243912+00:00,100,Photoroom,STARTUP,1.0,Y Combinator,https://photoroom.com/
2026-08-12T11:34:25.243920+00:00,6,Modernbanc,STARTUP,1.0,Y Combinator,https://modernbanc.com
2026-08-12T11:34:25.243959+00:00,100,AIOS,STARTUP,1.0,Y Combinator,https://www.aiosmedical.com/
2026-08-12T11:34:25.243990+00:00,12,Skypher,STARTUP,1.0,Y Combinator,https://skypher.co
2026-08-12T11:34:25.244004+00:00,50,Recurrency,STARTUP,1.0,Y Combinator,http://www.recurrency.com
2026-08-12T11:34:25.244014+00:00,40,PostEra,STARTUP,1.0,Y Combinator,https://postera.ai/
2026-08-12T11:34:25.244037+00:00,12,DeepSource,STARTUP,1.0,Y Combinator,https://deepsource.com/
2026-08-12T11:34:25.244107+00:00,53,UrbanKisaan,STARTUP,1.0,Y Combinator,https://www.urbankisaan.com
2026-08-12T11:34:25.244123+00:00,30,PillarPlus,STARTUP,1.0,Y Combinator,https://pillarplus.com
2026-08-12T11:34:25.244132+00:00,10,SprintAI,STARTUP,1.0,Y Combinator,https://www.getsprint.ai/
2026-08-12T11:34:25.244218+00:00,7,Zumo Labs,STARTUP,1.0,Y Combinator,https://zumolabs.ai/
2026-08-12T11:34:25.244247+00:00,8,Easyplan,STARTUP,1.0,Y Combinator,https://easyplan.in/
2026-08-12T11:34:25.244256+00:00,7,adyn,STARTUP,1.0,Y Combinator,https://adyn.com
2026-08-12T11:34:25.244288+00:00,4,Overfit,STARTUP,1.0,Y Combinator,https://overfit.com
2026-08-12T11:34:25.244315+00:00,9,Oda,STARTUP,1.0,Y Combinator,https://www.odastudio.ai/?ref=yc
2026-08-12T11:34:25.244432+00:00,65,BeGo,STARTUP,1.0,Y Combinator,http://www.bego.ai
2026-08-12T11:34:25.244493+00:00,12,GuruHotel,STARTUP,1.0,Y Combinator,https://guruhotel.com
2026-08-12T11:34:25.244526+00:00,30,Recall.ai,STARTUP,1.0,Y Combinator,https://www.recall.ai
2026-08-12T11:34:25.244546+00:00,10,Atmo,STARTUP,1.0,Y Combinator,http://atmo.ai
2026-08-12T11:34:25.244567+00:00,20,PowerX,STARTUP,1.0,Y Combinator,http://www.powerx.co
2026-08-12T11:34:25.244591+00:00,90,Airbyte,STARTUP,1.0,Y Combinator,https://airbyte.com/
2026-08-12T11:34:25.244629+00:00,7,Tasker AI,STARTUP,1.0,Y Combinator,http://www.tasker.ai
2026-08-12T11:34:25.244664+00:00,2,Menten AI,STARTUP,1.0,Y Combinator,http://menten.ai
2026-08-12T11:34:25.244672+00:00,7,Legionfarm,STARTUP,1.0,Y Combinator,https://lfcarry.com/
2026-08-12T11:34:25.244725+00:00,15,Algen Biotechnologies,STARTUP,1.0,Y Combinator,https://www.algenbio.com/
2026-08-12T11:34:25.244793+00:00,35,Command AI,STARTUP,1.0,Y Combinator,https://command.ai
2026-08-12T11:34:25.244810+00:00,100,Roboflow,STARTUP,1.0,Y Combinator,https://roboflow.com
2026-08-12T11:34:25.244828+00:00,4,Bandit ML,STARTUP,1.0,Y Combinator,https://www.banditml.com/
2026-08-12T11:34:25.244841+00:00,150,inFeedo AI,STARTUP,1.0,Y Combinator,https://infeedo.ai
2026-08-12T11:34:25.244852+00:00,30,Datafold,STARTUP,1.0,Y Combinator,https://datafold.com
2026-08-12T11:34:25.244865+00:00,27,Blue Onion,STARTUP,1.0,Y Combinator,https://www.blueonion.ai/
2026-08-12T11:34:25.244924+00:00,12,Shuttle,STARTUP,1.0,Y Combinator,https://www.shuttle.dev
2026-08-12T11:34:25.244982+00:00,11,Hypermile,STARTUP,1.0,Y Combinator,https://hypermile.ai
2026-08-12T11:34:25.245043+00:00,25,Explorex,STARTUP,1.0,Y Combinator,https://explorex.co
2026-08-12T11:34:25.245073+00:00,17,Known Medicine,STARTUP,1.0,Y Combinator,http://knownmed.com
2026-08-12T11:34:25.245089+00:00,15,Hypotenuse AI,STARTUP,1.0,Y Combinator,https://hypotenuse.ai/
2026-08-12T11:34:25.245142+00:00,20,Kernal Biologics,STARTUP,1.0,Y Combinator,https://www.kernalbio.com/
2026-08-12T11:34:25.245155+00:00,11,CoreCare,STARTUP,1.0,Y Combinator,https://corecare.ai
2026-08-12T11:34:25.245169+00:00,20,Swif.ai,STARTUP,1.0,Y Combinator,https://www.swif.ai
2026-08-12T11:34:25.245177+00:00,14,Humanloop,STARTUP,1.0,Y Combinator,https://humanloop.com
2026-08-12T11:34:25.245207+00:00,5,Omni,STARTUP,1.0,Y Combinator,https://addomni.com
2026-08-12T11:34:25.245225+00:00,22,Blissway,STARTUP,1.0,Y Combinator,https://www.blissway.com/
2026-08-12T11:34:25.245257+00:00,25,Atomic,STARTUP,1.0,Y Combinator,https://www.atomicvest.com/
2026-08-12T11:34:25.245302+00:00,55,Osmind,STARTUP,1.0,Y Combinator,https://osmind.org/
2026-08-12T11:34:25.245379+00:00,20,Nextera Robotics | DIDGE.ai,STARTUP,1.0,Y Combinator,https://nexterarobotics.com
2026-08-12T11:34:25.245419+00:00,8,Nabla Bio,STARTUP,1.0,Y Combinator,https://www.nabla.bio
2026-08-12T11:34:25.245429+00:00,7,Hyper Online,STARTUP,1.0,Y Combinator,https://www.hyper.online/
2026-08-12T11:34:25.245456+00:00,14,Tydo,STARTUP,1.0,Y Combinator,https://www.tydo.com
2026-08-12T11:34:25.245463+00:00,55,BIK,STARTUP,1.0,Y Combinator,https://bik.ai/
2026-08-12T11:34:25.245493+00:00,12,Aquarium Learning,STARTUP,1.0,Y Combinator,https://www.aquariumlearning.com/
2026-08-12T11:34:25.245507+00:00,10,Mailwarm,STARTUP,1.0,Y Combinator,https://www.mailwarm.com
2026-08-12T11:34:25.245530+00:00,4,Intelligent,STARTUP,1.0,Y Combinator,https://www.intelligent.services/
2026-08-12T11:34:25.245565+00:00,2,Liyfe,STARTUP,1.0,Y Combinator,https://www.ycombinator.com/companies/liyfe
2026-08-12T11:34:25.245575+00:00,5,Nephrogen,STARTUP,1.0,Y Combinator,http://www.nephrogenbiotech.com
2026-08-12T11:34:25.245646+00:00,7,Cohere,STARTUP,1.0,Y Combinator,https://cohere.io
2026-08-12T11:34:25.245660+00:00,4,Dataland,STARTUP,1.0,Y Combinator,https://dataland.io
2026-08-12T11:34:25.245669+00:00,18,Akiflow,STARTUP,1.0,Y Combinator,https://akiflow.com
2026-08-12T11:34:25.245703+00:00,100,HENRY,STARTUP,1.0,Y Combinator,https://www.soyhenry.com/hiring-en
2026-08-12T11:34:25.245758+00:00,150,Taktile,STARTUP,1.0,Y Combinator,http://www.taktile.com
2026-08-12T11:34:25.245771+00:00,3,Mito,STARTUP,1.0,Y Combinator,http://trymito.io
2026-08-12T11:34:25.245782+00:00,50,Draftwise,STARTUP,1.0,Y Combinator,https://www.draftwise.com/
2026-08-12T11:34:25.245818+00:00,11,AI.Fashion,STARTUP,1.0,Y Combinator,https://www.ai.fashion
2026-08-12T11:34:25.245916+00:00,27,Glimpse,STARTUP,1.0,Y Combinator,https://tryglimpse.com/
2026-08-12T11:34:25.245937+00:00,60,"Warmly,",STARTUP,1.0,Y Combinator,https://www.warmly.ai/
2026-08-12T11:34:25.246017+00:00,5,Parade,STARTUP,1.0,Y Combinator,https://www.getparade.com
2026-08-12T11:34:25.246041+00:00,200,Fieldguide,STARTUP,1.0,Y Combinator,http://fieldguide.io
2026-08-12T11:34:25.246050+00:00,60,Heron Data,STARTUP,1.0,Y Combinator,https://www.herondata.io
2026-08-12T11:34:25.246070+00:00,90,Clau,STARTUP,1.0,Y Combinator,https://clau.com
2026-08-12T11:34:25.246080+00:00,40,Quell,STARTUP,1.0,Y Combinator,https://playquell.com
2026-08-12T11:34:25.246119+00:00,7,Payflow,STARTUP,1.0,Y Combinator,https://www.payflow.ai
2026-08-12T11:34:25.246148+00:00,8,Brevy,STARTUP,1.0,Y Combinator,https://brevy.com/
2026-08-12T11:34:25.246155+00:00,7,Degrees of Freedom,STARTUP,1.0,Y Combinator,https://www.DegreesOfFreedom.org
2026-08-12T11:34:25.246212+00:00,30,cloud humans,STARTUP,1.0,Y Combinator,https://www.cloudhumans.com
2026-08-12T11:34:25.246244+00:00,60,Atomic Industries,STARTUP,1.0,Y Combinator,http://atomic.industries
2026-08-12T11:34:25.246264+00:00,31,authzed,STARTUP,1.0,Y Combinator,https://authzed.com
2026-08-12T11:34:25.246278+00:00,48,Humaans,STARTUP,1.0,Y Combinator,https://humaans.io
2026-08-12T11:34:25.246303+00:00,30,DreamWorld,STARTUP,1.0,Y Combinator,https://www.playdreamworld.com/
2026-08-12T11:34:25.246335+00:00,30,RocketSDR,STARTUP,1.0,Y Combinator,https://rocketsdr.ai
2026-08-12T11:34:25.246362+00:00,4,Quadrant Eye,STARTUP,1.0,Y Combinator,https://quadranteye.com
2026-08-12T11:34:25.246396+00:00,5,SBX Robotics,STARTUP,1.0,Y Combinator,https://www.sbxrobotics.com/
2026-08-12T11:34:25.246460+00:00,15,arnata,STARTUP,1.0,Y Combinator,https://arnata.com
2026-08-12T11:34:25.246495+00:00,116,Pibit.ai,STARTUP,1.0,Y Combinator,https://pibit.ai
2026-08-12T11:34:25.246507+00:00,3,Vogent,STARTUP,1.0,Y Combinator,https://vogent.ai
2026-08-12T11:34:25.246539+00:00,29,Moichor,STARTUP,1.0,Y Combinator,https://moichor.com/
2026-08-12T11:34:25.246621+00:00,56,Flux Auto,STARTUP,1.0,Y Combinator,https://fluxauto.ai
2026-08-12T11:34:25.246661+00:00,8,Fountain9,STARTUP,1.0,Y Combinator,https://www.fountain9.com
2026-08-12T11:34:25.246681+00:00,4,Avocado,STARTUP,1.0,Y Combinator,https://avocadopos.com
2026-08-12T11:34:25.246717+00:00,10,Pragmatic Leaders (Ankai Inc),STARTUP,1.0,Y Combinator,"https://pragmaticleaders.io, https://ostronaut.com"
2026-08-12T11:34:25.246747+00:00,8,Segments.ai,STARTUP,1.0,Y Combinator,https://segments.ai
2026-08-12T11:34:25.246756+00:00,150,Encord,STARTUP,1.0,Y Combinator,https://encord.com
2026-08-12T11:34:25.246785+00:00,5,ClipDrop,STARTUP,1.0,Y Combinator,https://clipdrop.co
2026-08-12T11:34:25.246843+00:00,15,Sivo,STARTUP,1.0,Y Combinator,https://sivo.com
2026-08-12T11:34:25.246863+00:00,5,HyperGlue,STARTUP,1.0,Y Combinator,https://www.hyperglue.com
2026-08-12T11:34:25.246891+00:00,197,Cyble,STARTUP,1.0,Y Combinator,https://cyble.com/
2026-08-12T11:34:25.246958+00:00,1,Supadock,STARTUP,1.0,Y Combinator,https://getsupadock.com
2026-08-12T11:34:25.246974+00:00,10,Expent Inc,STARTUP,1.0,Y Combinator,https://www.expent.ai/
2026-08-12T11:34:25.246999+00:00,30,Version Story Compare,STARTUP,1.0,Y Combinator,https://versionstory.com/
2026-08-12T11:34:25.247031+00:00,25,Per Diem,STARTUP,1.0,Y Combinator,https://tryperdiem.com
2026-08-12T11:34:25.247049+00:00,12,Promoted.ai,STARTUP,1.0,Y Combinator,http://www.promoted.ai
2026-08-12T11:34:25.247080+00:00,9,Emerge Tools,STARTUP,1.0,Y Combinator,https://www.emergetools.com/
2026-08-12T11:34:25.247089+00:00,2,Parsagon,STARTUP,1.0,Y Combinator,https://parsagon.io
2026-08-12T11:34:25.247102+00:00,12,Alinea,STARTUP,1.0,Y Combinator,https://alinea-invest.com/
2026-08-12T11:34:25.247112+00:00,50,Vapi,STARTUP,1.0,Y Combinator,https://vapi.ai
2026-08-12T11:34:25.247168+00:00,8,Quadrant Health,STARTUP,1.0,Y Combinator,https://quadrant.health
2026-08-12T11:34:25.247190+00:00,60,Mindee,STARTUP,1.0,Y Combinator,https://mindee.com
2026-08-12T11:34:25.247261+00:00,60,Popl,STARTUP,1.0,Y Combinator,https://popl.co/
2026-08-12T11:34:25.247274+00:00,95,Fathom,STARTUP,1.0,Y Combinator,https://www.fathom.ai
2026-08-12T11:34:25.247296+00:00,4,Outpaint.com,STARTUP,1.0,Y Combinator,https://outpaint.com/
2026-08-12T11:34:25.247316+00:00,4,FirstSupport.ai,STARTUP,1.0,Y Combinator,https://firstsupport.ai
2026-08-12T11:34:25.247330+00:00,80,Rinsed,STARTUP,1.0,Y Combinator,https://www.rinsed.com
2026-08-12T11:34:25.247378+00:00,45,Verak,STARTUP,1.0,Y Combinator,http://verak.in
2026-08-12T11:34:25.247402+00:00,51,LiveFlow,STARTUP,1.0,Y Combinator,https://www.liveflow.com
2026-08-12T11:34:25.247435+00:00,15,Invoid,STARTUP,1.0,Y Combinator,https://www.invoid.co/
2026-08-12T11:34:25.247454+00:00,22,Datrics,STARTUP,1.0,Y Combinator,https://datrics.ai
2026-08-12T11:34:25.247542+00:00,24,OpenCode,STARTUP,1.0,Y Combinator,https://opencode.ai
2026-08-12T11:34:25.247568+00:00,28,Topline Pro,STARTUP,1.0,Y Combinator,https://www.toplinepro.com
2026-08-12T11:34:25.247601+00:00,100,Codingal,STARTUP,1.0,Y Combinator,https://www.codingal.com/?utm_source=yc
2026-08-12T11:34:25.247609+00:00,3,Nimbus,STARTUP,1.0,Y Combinator,https://nimbus.dev
2026-08-12T11:34:25.247625+00:00,530,Tractian,STARTUP,1.0,Y Combinator,https://tractian.com
2026-08-12T11:34:25.247640+00:00,14,Enable Us,STARTUP,1.0,Y Combinator,https://www.enableus.com
2026-08-12T11:34:25.247676+00:00,2,Milk Video,STARTUP,1.0,Y Combinator,https://milkvideo.com
2026-08-12T11:34:25.247706+00:00,5,Simplify,STARTUP,1.0,Y Combinator,https://simplify.jobs/
2026-08-12T11:34:25.247717+00:00,16,InpharmD,STARTUP,1.0,Y Combinator,https://www.inpharmd.com
2026-08-12T11:34:25.247735+00:00,40,Tint,STARTUP,1.0,Y Combinator,http://www.tint.ai
2026-08-12T11:34:25.247748+00:00,8,unSurvey,STARTUP,1.0,Y Combinator,http://www.unsurvey.ai
2026-08-12T11:34:25.247758+00:00,18,ZOKO,STARTUP,1.0,Y Combinator,https://www.zoko.io/
2026-08-12T11:34:25.247767+00:00,11,TaoFi,STARTUP,1.0,Y Combinator,https://taofi.com
2026-08-12T11:34:25.247796+00:00,17,Reclaim Protocol,STARTUP,1.0,Y Combinator,https://reclaimprotocol.org
2026-08-12T11:34:25.247826+00:00,8,BotBuilt,STARTUP,1.0,Y Combinator,https://www.botbuilt.com
2026-08-12T11:34:25.247912+00:00,8,Biodock,STARTUP,1.0,Y Combinator,https://www.biodock.ai
2026-08-12T11:34:25.247921+00:00,5,Venu AI,STARTUP,1.0,Y Combinator,https://www.venu3d.com
2026-08-12T11:34:25.247933+00:00,7,Compose.ai,STARTUP,1.0,Y Combinator,https://compose.ai
2026-08-12T11:34:25.247949+00:00,15,Lamar Health,STARTUP,1.0,Y Combinator,http://www.lamarhealth.com
2026-08-12T11:34:25.247995+00:00,45,HomeBreeze,STARTUP,1.0,Y Combinator,https://www.homebreeze.ai/
2026-08-12T11:34:25.248078+00:00,3,Codeball,STARTUP,1.0,Y Combinator,https://codeball.ai
2026-08-12T11:34:25.248101+00:00,12,Chatwoot,STARTUP,1.0,Y Combinator,https://www.chatwoot.com
2026-08-12T11:34:25.248151+00:00,18,Dataherald,STARTUP,1.0,Y Combinator,http://dataherald.com/
2026-08-12T11:34:25.248201+00:00,8,Rejoy Health,STARTUP,1.0,Y Combinator,https://www.rejoyhealth.com/
2026-08-12T11:34:25.248210+00:00,10,inBalance,STARTUP,1.0,Y Combinator,https://inbalanceresearch.com
2026-08-12T11:34:25.248246+00:00,60,Treinta,STARTUP,1.0,Y Combinator,https://www.treinta.co
2026-08-12T11:34:25.248260+00:00,25,Spline,STARTUP,1.0,Y Combinator,http://spline.design/
2026-08-12T11:34:25.248292+00:00,25,BusinessOnBot,STARTUP,1.0,Y Combinator,https://www.businessonbot.com/
2026-08-12T11:34:25.248305+00:00,150,Gigs,STARTUP,1.0,Y Combinator,https://gigs.com
2026-08-12T11:34:25.248376+00:00,4,Friz,STARTUP,1.0,Y Combinator,https://www.usefriz.com
2026-08-12T11:34:25.248417+00:00,11,Mystic,STARTUP,1.0,Y Combinator,https://www.mystic.ai/
2026-08-12T11:34:25.248450+00:00,150,Estoca,STARTUP,1.0,Y Combinator,https://www.estoca.com.br/
2026-08-12T11:34:25.248501+00:00,200,MarqVision,STARTUP,1.0,Y Combinator,https://www.marqvision.com/
2026-08-12T11:34:25.248532+00:00,8,Routine,STARTUP,1.0,Y Combinator,http://routine.co
2026-08-12T11:34:25.248556+00:00,95,Moonvalley,STARTUP,1.0,Y Combinator,https://www.moonvalley.com
2026-08-12T11:34:25.248592+00:00,10,MindPortal,STARTUP,1.0,Y Combinator,https://www.mindportal.com
2026-08-12T11:34:25.248608+00:00,13,Waydev,STARTUP,1.0,Y Combinator,https://waydev.co/
2026-08-12T11:34:25.248629+00:00,50,Triomics,STARTUP,1.0,Y Combinator,https://triomics.com/
2026-08-12T11:34:25.248649+00:00,2,Clear,STARTUP,1.0,Y Combinator,https://getclearapp.com/
2026-08-12T11:34:25.248706+00:00,10,PipeBio,STARTUP,1.0,Y Combinator,https://pipebio.com
2026-08-12T11:34:25.248734+00:00,4,AXAR AI,STARTUP,1.0,Y Combinator,https://www.ycombinator.com/companies/axar-ai
2026-08-12T11:34:25.248770+00:00,,Ollama,STARTUP,1.0,Y Combinator,https://ollama.com
2026-08-12T11:34:25.248790+00:00,3,Humance,STARTUP,1.0,Y Combinator,https://www.humance.tech/
2026-08-12T11:34:25.248801+00:00,10,Journey,STARTUP,1.0,Y Combinator,http://journey.io
2026-08-12T11:34:25.248880+00:00,19,Openlayer,STARTUP,1.0,Y Combinator,https://openlayer.com
2026-08-12T11:34:25.248899+00:00,16,Slope,STARTUP,1.0,Y Combinator,http://www.slopepay.com
2026-08-12T11:34:25.249015+00:00,11,Legion Health,STARTUP,1.0,Y Combinator,https://legionhealth.com
2026-08-12T11:34:25.249054+00:00,25,Superwall,STARTUP,1.0,Y Combinator,https://superwall.com
2026-08-12T11:34:25.249078+00:00,7,Mindstate Design Labs,STARTUP,1.0,Y Combinator,http://mindstate.design
2026-08-12T11:34:25.249104+00:00,20,Serif Health,STARTUP,1.0,Y Combinator,https://www.serifhealth.com
2026-08-12T11:34:25.249136+00:00,18,Abstra,STARTUP,1.0,Y Combinator,https://abstra.io
2026-08-12T11:34:25.249166+00:00,9,Varos,STARTUP,1.0,Y Combinator,http://varos.com
2026-08-12T11:34:25.249200+00:00,7,Concord Materials,STARTUP,1.0,Y Combinator,https://concordmaterials.com
2026-08-12T11:34:25.249578+00:00,9,Jestor,STARTUP,1.0,Y Combinator,https://jestor.com
2026-08-12T11:34:25.249593+00:00,7,Potion,STARTUP,1.0,Y Combinator,https://www.potion.ai
2026-08-12T11:34:25.249610+00:00,20,Replo,STARTUP,1.0,Y Combinator,https://replo.app/
2026-08-12T11:34:25.249619+00:00,2,FirstQuadrant,STARTUP,1.0,Y Combinator,https://firstquadrant.ai
2026-08-12T11:34:25.249681+00:00,3,Buzzle,STARTUP,1.0,Y Combinator,https://buzzle.ai
2026-08-12T11:34:25.249722+00:00,10,Kalam Labs,STARTUP,1.0,Y Combinator,http://www.kalamlabs.in
2026-08-12T11:34:25.249736+00:00,15,Affogato AI,STARTUP,1.0,Y Combinator,https://affogato.ai
2026-08-12T11:34:25.249762+00:00,10,Coulomb AI,STARTUP,1.0,Y Combinator,https://coulomb.ai/
2026-08-12T11:34:25.249807+00:00,2,Zeit Medical,STARTUP,1.0,Y Combinator,https://www.zeitmedical.com/
2026-08-12T11:34:25.249824+00:00,65,Confido,STARTUP,1.0,Y Combinator,https://www.confidotech.com
2026-08-12T11:34:25.249838+00:00,0,Instalab,STARTUP,1.0,Y Combinator,https://www.instalab.com/
2026-08-12T11:34:25.249866+00:00,9,Zaz OS,STARTUP,1.0,Y Combinator,https://www.zazos.com/
2026-08-12T11:34:25.249930+00:00,60,Swipe,STARTUP,1.0,Y Combinator,https://getswipe.in
2026-08-12T11:34:25.249951+00:00,20,Neodocs,STARTUP,1.0,Y Combinator,https://www.neodocs.in
2026-08-12T11:34:25.249968+00:00,15,MobileBoost,STARTUP,1.0,Y Combinator,https://www.mobileboost.io/yc
2026-08-12T11:34:25.250011+00:00,5,Sleek,STARTUP,1.0,Y Combinator,https://www.onsleek.com/
2026-08-12T11:34:25.250031+00:00,,Soco,STARTUP,1.0,Y Combinator,https://socosearch.com/
2026-08-12T11:34:25.250051+00:00,20,Bite Ninja,STARTUP,1.0,Y Combinator,http://www.biteninja.com
2026-08-12T11:34:25.250059+00:00,70,Anakin,STARTUP,1.0,Y Combinator,https://anakin.io
2026-08-12T11:34:25.250072+00:00,5,SnapCalorie,STARTUP,1.0,Y Combinator,https://www.snapcalorie.com/
2026-08-12T11:34:25.250114+00:00,45,Lago,STARTUP,1.0,Y Combinator,https://www.getlago.com/
2026-08-12T11:34:25.250137+00:00,11,Dailybot,STARTUP,1.0,Y Combinator,https://www.dailybot.com/
2026-08-12T11:34:25.250154+00:00,3,Lariat Data,STARTUP,1.0,Y Combinator,https://www.lariatdata.com
2026-08-12T11:34:25.250174+00:00,2,Patterns,STARTUP,1.0,Y Combinator,https://patterns.app/
2026-08-12T11:34:25.250186+00:00,75,Tavus,STARTUP,1.0,Y Combinator,https://www.tavus.io
2026-08-12T11:34:25.250194+00:00,35,Konta.com,STARTUP,1.0,Y Combinator,http://konta.com/
2026-08-12T11:34:25.250237+00:00,26,Fitia,STARTUP,1.0,Y Combinator,https://fitia.app/
2026-08-12T11:34:25.250269+00:00,63,Verihubs,STARTUP,1.0,Y Combinator,https://verihubs.com
2026-08-12T11:34:25.250307+00:00,27,Secoda,STARTUP,1.0,Y Combinator,https://secoda.co
2026-08-12T11:34:25.250317+00:00,12,Kaya,STARTUP,1.0,Y Combinator,https://www.usekaya.com/
2026-08-12T11:34:25.250345+00:00,40,SalaryBox,STARTUP,1.0,Y Combinator,https://salarybox.in/
2026-08-12T11:34:25.250358+00:00,6,Redbean,STARTUP,1.0,Y Combinator,https://redbean.ai
2026-08-12T11:34:25.250364+00:00,2,Sentiyen,STARTUP,1.0,Y Combinator,https://www.sentiyen.com
2026-08-12T11:34:25.250372+00:00,,Jovian,STARTUP,1.0,Y Combinator,https://www.jovian.com
2026-08-12T11:34:25.250379+00:00,4,Hyperbrowser,STARTUP,1.0,Y Combinator,https://hyperbrowser.ai
2026-08-12T11:34:25.250408+00:00,12,SenpAI.GG,STARTUP,1.0,Y Combinator,https://senpai.gg/
2026-08-12T11:34:25.250451+00:00,3,Pideaky,STARTUP,1.0,Y Combinator,https://pideaky.com/en/
2026-08-12T11:34:25.250537+00:00,3,Warpfy,STARTUP,1.0,Y Combinator,https://warpfy.com/
2026-08-12T11:34:25.250584+00:00,20,Tiriel AI,STARTUP,1.0,Y Combinator,https://tiriel.ai
2026-08-12T11:34:25.250614+00:00,15,DigiBuild,STARTUP,1.0,Y Combinator,https://digibuild.com
2026-08-12T11:34:25.250635+00:00,10,OneStopKitchen,STARTUP,1.0,Y Combinator,https://onestopkitchen.com/
2026-08-12T11:34:25.250647+00:00,10,Cero,STARTUP,1.0,Y Combinator,https://cero.ai
2026-08-12T11:34:25.250677+00:00,1,Ruta Health,STARTUP,1.0,Y Combinator,https://www.rutahealth.com/
2026-08-12T11:34:25.250692+00:00,5,WarpBuild,STARTUP,1.0,Y Combinator,https://www.warpbuild.com
2026-08-12T11:34:25.250701+00:00,2,Geostar,STARTUP,1.0,Y Combinator,https://www.geostar.ai
2026-08-12T11:34:25.250709+00:00,25,MindFi,STARTUP,1.0,Y Combinator,https://www.mindfi.co
2026-08-12T11:34:25.250774+00:00,16,Scispot,STARTUP,1.0,Y Combinator,https://scispot.io
2026-08-12T11:34:25.250815+00:00,7,Coinrule,STARTUP,1.0,Y Combinator,https://coinrule.com/
2026-08-12T11:34:25.250838+00:00,2,Sequin,STARTUP,1.0,Y Combinator,https://sequinai.com
2026-08-12T11:34:25.250846+00:00,10,Malloc Inc,STARTUP,1.0,Y Combinator,https://mallocprivacy.com/
2026-08-12T11:34:25.250854+00:00,5,Milky Way AI,STARTUP,1.0,Y Combinator,https://milkyway.ai/
2026-08-12T11:34:25.250874+00:00,300,ShipBlu,STARTUP,1.0,Y Combinator,http://www.shipblu.com
2026-08-12T11:34:25.250886+00:00,6,GetDot,STARTUP,1.0,Y Combinator,https://getdot.ai
2026-08-12T11:34:25.250896+00:00,16,CoLoop,STARTUP,1.0,Y Combinator,https://coloop.ai/
2026-08-12T11:34:25.250905+00:00,2,Miniloop,STARTUP,1.0,Y Combinator,https://miniloop.ai
2026-08-12T11:34:25.250920+00:00,20,OneSchema,STARTUP,1.0,Y Combinator,https://www.oneschema.co
2026-08-12T11:34:25.250943+00:00,5,Stardex,STARTUP,1.0,Y Combinator,https://www.stardex.com
2026-08-12T11:34:25.250953+00:00,4,Forage Mail,STARTUP,1.0,Y Combinator,https://foragemail.com
2026-08-12T11:34:25.251030+00:00,5,Protex AI,STARTUP,1.0,Y Combinator,https://www.protex.ai
2026-08-12T11:34:25.251159+00:00,18,Mine,STARTUP,1.0,Y Combinator,https://usemine.com/
2026-08-12T11:34:25.251171+00:00,2,Makani Science,STARTUP,1.0,Y Combinator,http://makaniscience.net/
2026-08-12T11:34:25.251197+00:00,12,Zensors,STARTUP,1.0,Y Combinator,https://www.zensors.com
2026-08-12T11:34:25.251230+00:00,2,Evidently AI,STARTUP,1.0,Y Combinator,https://evidentlyai.com
2026-08-12T11:34:25.251257+00:00,9,aSim,STARTUP,1.0,Y Combinator,https://asim.sh/
2026-08-12T11:34:25.251286+00:00,27,Spark Studio,STARTUP,1.0,Y Combinator,https://sparkstudio.co
2026-08-12T11:34:25.251315+00:00,2,Mentum,STARTUP,1.0,Y Combinator,http://getmentum.com
2026-08-12T11:34:25.251328+00:00,5,outloud.ai,STARTUP,1.0,Y Combinator,https://www.outloud.ai/
2026-08-12T11:34:25.251352+00:00,35,Writesonic,STARTUP,1.0,Y Combinator,https://writesonic.com/
2026-08-12T11:34:25.251369+00:00,6,The Breakaway,STARTUP,1.0,Y Combinator,https://www.breakaway.app/
2026-08-12T11:34:25.251458+00:00,25,Mach9,STARTUP,1.0,Y Combinator,https://www.mach9.ai/
2026-08-12T11:34:25.251473+00:00,9,RMFG,STARTUP,1.0,Y Combinator,https://www.rmfg.com
2026-08-12T11:34:25.251492+00:00,5,Revery AI,STARTUP,1.0,Y Combinator,https://revery.ai
2026-08-12T11:34:25.251511+00:00,6,Litnerd,STARTUP,1.0,Y Combinator,https://litnerd.com/
2026-08-12T11:34:25.251520+00:00,15,Noloco,STARTUP,1.0,Y Combinator,https://noloco.io
2026-08-12T11:34:25.251545+00:00,11,Tenyks,STARTUP,1.0,Y Combinator,http://tenyks.ai/
2026-08-12T11:34:25.251567+00:00,5,Adni,STARTUP,1.0,Y Combinator,https://www.adni.co/
2026-08-12T11:34:25.251582+00:00,12,Telmai,STARTUP,1.0,Y Combinator,https://www.telm.ai/
2026-08-12T11:34:25.251617+00:00,5,Hudson Labs (formerly Bedrock AI),STARTUP,1.0,Y Combinator,https://www.hudson-labs.com/
2026-08-12T11:34:25.251645+00:00,20,Waterplan,STARTUP,1.0,Y Combinator,http://waterplan.com
2026-08-12T11:34:25.251667+00:00,16,Ferveret,STARTUP,1.0,Y Combinator,http://www.ferveret.com
2026-08-12T11:34:25.251694+00:00,50,Zuma,STARTUP,1.0,Y Combinator,https://www.getzuma.com/
2026-08-12T11:34:25.251727+00:00,10,Vibe Kanban,STARTUP,1.0,Y Combinator,https://vibekanban.com
2026-08-12T11:34:25.251738+00:00,3,Caire Health,STARTUP,1.0,Y Combinator,http://cairehealth.com
2026-08-12T11:34:25.251812+00:00,150,Baubap,STARTUP,1.0,Y Combinator,https://www.baubap.com
2026-08-12T11:34:25.251819+00:00,4,Shape,STARTUP,1.0,Y Combinator,https://shape.xyz
2026-08-12T11:34:25.251832+00:00,8,Ruth Health,STARTUP,1.0,Y Combinator,https://www.ruthhealth.com/
2026-08-12T11:34:25.251907+00:00,5,Byte Kitchen,STARTUP,1.0,Y Combinator,https://www.bytekitchen.io/
2026-08-12T11:34:25.251937+00:00,15,ContraForce,STARTUP,1.0,Y Combinator,https://www.contraforce.com
2026-08-12T11:34:25.251952+00:00,8,Output Biosciences,STARTUP,1.0,Y Combinator,https://www.outputbio.com/
2026-08-12T11:34:25.251961+00:00,4,CellChorus,STARTUP,1.0,Y Combinator,https://cellchorus.com
2026-08-12T11:34:25.251974+00:00,20,Plai,STARTUP,1.0,Y Combinator,https://www.plai.io/
2026-08-12T11:34:25.251988+00:00,3,Hirebolt,STARTUP,1.0,Y Combinator,https://hirebolt.com/
2026-08-12T11:34:25.252024+00:00,,Opkit,STARTUP,1.0,Y Combinator,https://opkit.co/
2026-08-12T11:34:25.252038+00:00,8,Squire.ai,STARTUP,1.0,Y Combinator,https://squire.ai
2026-08-12T11:34:25.252067+00:00,7,Spoken,STARTUP,1.0,Y Combinator,http://www.spoken.io
2026-08-12T11:34:25.252078+00:00,3,Bytebot,STARTUP,1.0,Y Combinator,https://www.bytebot.ai/
2026-08-12T11:34:25.252091+00:00,8,Adravision,STARTUP,1.0,Y Combinator,https://www.adra.ai
2026-08-12T11:34:25.252098+00:00,6,Medium Biosciences,STARTUP,1.0,Y Combinator,http://medium.bio
2026-08-12T11:34:25.252172+00:00,9,FirstIgnite,STARTUP,1.0,Y Combinator,https://firstignite.com
2026-08-12T11:34:25.252299+00:00,5,Lightly,STARTUP,1.0,Y Combinator,https://lightly.ai/
2026-08-12T11:34:25.252333+00:00,5,Safer Management,STARTUP,1.0,Y Combinator,https://www.safermgmt.com/
2026-08-12T11:34:25.252341+00:00,75,Exa,STARTUP,1.0,Y Combinator,https://exa.ai
2026-08-12T11:34:25.252369+00:00,49,Sully.ai,STARTUP,1.0,Y Combinator,https://www.sully.ai
2026-08-12T11:34:25.252427+00:00,2,Andi,STARTUP,1.0,Y Combinator,https://AndiAI.com
2026-08-12T11:34:25.252465+00:00,5,Attack Capital,STARTUP,1.0,Y Combinator,https://attack.capital/
2026-08-12T11:34:25.252495+00:00,2,Uberduck,STARTUP,1.0,Y Combinator,https://www.uberduck.ai
2026-08-12T11:34:25.252551+00:00,21,Compra Rápida,STARTUP,1.0,Y Combinator,https://www.comprarapida.co/
2026-08-12T11:34:25.252568+00:00,8,SilkChart,STARTUP,1.0,Y Combinator,https://www.silkchart.com
2026-08-12T11:34:25.252583+00:00,30,TigerEye,STARTUP,1.0,Y Combinator,http://tigereye.com/
2026-08-12T11:34:25.252610+00:00,40,Agave,STARTUP,1.0,Y Combinator,https://www.useagave.com
2026-08-12T11:34:25.252626+00:00,8,Strac,STARTUP,1.0,Y Combinator,https://www.strac.io/
2026-08-12T11:34:25.252643+00:00,2,Moots,STARTUP,1.0,Y Combinator,https://www.moots.ai/
2026-08-12T11:34:25.252704+00:00,4,Capuchin,STARTUP,1.0,Y Combinator,https://capuchin.ai/
2026-08-12T11:34:25.252718+00:00,18,Sieve,STARTUP,1.0,Y Combinator,https://sievedata.com/
2026-08-12T11:34:25.252739+00:00,30,PolicyFly,STARTUP,1.0,Y Combinator,https://www.policyfly.com
2026-08-12T11:34:25.252758+00:00,12,Lumina,STARTUP,1.0,Y Combinator,https://www.lumibot.com
2026-08-12T11:34:25.252777+00:00,3,Trellus,STARTUP,1.0,Y Combinator,https://www.trellus.ai
2026-08-12T11:34:25.252799+00:00,14,Trébol,STARTUP,1.0,Y Combinator,https://gotrebol.com/
2026-08-12T11:34:25.252816+00:00,12,WeReno,STARTUP,1.0,Y Combinator,https://WeReno.com
2026-08-12T11:34:25.252842+00:00,11,VantedgeAI,STARTUP,1.0,Y Combinator,https://www.vantedgeai.com/
2026-08-12T11:34:25.252850+00:00,5,Starling,STARTUP,1.0,Y Combinator,https://starlingmedical.com/
2026-08-12T11:34:25.252861+00:00,18,Momento,STARTUP,1.0,Y Combinator,https://www.tumomento.com/
2026-08-12T11:34:25.252869+00:00,2,PromptLoop,STARTUP,1.0,Y Combinator,https://www.promptloop.com/
2026-08-12T11:34:25.252891+00:00,64,Craniometrix,STARTUP,1.0,Y Combinator,https://craniometrix.com
2026-08-12T11:34:25.252923+00:00,6,Cherry Recommends,STARTUP,1.0,Y Combinator,https://cherry.ai/
2026-08-12T11:34:25.252932+00:00,5,Cozmo AI,STARTUP,1.0,Y Combinator,https://www.hellocozmo.ai/
2026-08-12T11:34:25.252939+00:00,4,Sota2,STARTUP,1.0,Y Combinator,https://www.sota2.com
2026-08-12T11:34:25.252955+00:00,4,Stably AI (Orca),STARTUP,1.0,Y Combinator,http://onorca.dev/
2026-08-12T11:34:25.252967+00:00,5,CoffeeAI,STARTUP,1.0,Y Combinator,https://www.get-coffee.ai
2026-08-12T11:34:25.252994+00:00,,Sei AI,STARTUP,1.0,Y Combinator,https://seiright.com/
2026-08-12T11:34:25.253004+00:00,5,Brown Foods,STARTUP,1.0,Y Combinator,https://unrealmilk.com/
2026-08-12T11:34:25.253021+00:00,10,Axross Pte Ltd,STARTUP,1.0,Y Combinator,https://www.axross.co/
2026-08-12T11:34:25.253032+00:00,16,Sarus,STARTUP,1.0,Y Combinator,https://www.sarus.tech
2026-08-12T11:34:25.253044+00:00,10,Blaze,STARTUP,1.0,Y Combinator,https://withblaze.app/
2026-08-12T11:34:25.253060+00:00,5,Spinach AI,STARTUP,1.0,Y Combinator,https://spinach.ai
2026-08-12T11:34:25.253073+00:00,4,Nyckel,STARTUP,1.0,Y Combinator,https://www.nyckel.com
2026-08-12T11:34:25.253105+00:00,20,Gym Class,STARTUP,1.0,Y Combinator,https://gymclass.com
2026-08-12T11:34:25.253126+00:00,20,InferEdge,STARTUP,1.0,Y Combinator,https://www.inferedge.com
2026-08-12T11:34:25.253137+00:00,15,Sekilo,STARTUP,1.0,Y Combinator,https://sekilo.com/en/
2026-08-12T11:34:25.253149+00:00,25,HomeRoom,STARTUP,1.0,Y Combinator,https://livehomeroom.com/
2026-08-12T11:34:25.253162+00:00,40,Dynamo AI,STARTUP,1.0,Y Combinator,https://dynamo.ai
2026-08-12T11:34:25.253172+00:00,25,Invert,STARTUP,1.0,Y Combinator,http://www.invertbio.com/
2026-08-12T11:34:25.253186+00:00,9,Industrial Next,STARTUP,1.0,Y Combinator,https://www.industrialnext.ai
2026-08-12T11:34:25.253200+00:00,7,Rownd,STARTUP,1.0,Y Combinator,https://rownd.ai
2026-08-12T11:34:25.253237+00:00,20,Kaso,STARTUP,1.0,Y Combinator,https://www.kaso.ai
2026-08-12T11:34:25.253296+00:00,6,HypaHub,STARTUP,1.0,Y Combinator,https://www.hypahub.com
2026-08-12T11:34:25.253363+00:00,18,Atlas,STARTUP,1.0,Y Combinator,https://atlas.so
2026-08-12T11:34:25.253371+00:00,4,Dioptra,STARTUP,1.0,Y Combinator,https://dioptra.ai/
2026-08-12T11:34:25.253381+00:00,7,Bobidi,STARTUP,1.0,Y Combinator,http://www.upswell.ai
2026-08-12T11:34:25.253405+00:00,5,Iron Leap,STARTUP,1.0,Y Combinator,https://getironleap.io/
2026-08-12T11:34:25.253414+00:00,30,Ankr Health,STARTUP,1.0,Y Combinator,https://ankr.us
2026-08-12T11:34:25.253452+00:00,10,MySivi,STARTUP,1.0,Y Combinator,https://www.mysivi.ai/
2026-08-12T11:34:25.253475+00:00,35,Unlayer,STARTUP,1.0,Y Combinator,https://unlayer.com
2026-08-12T11:34:25.253512+00:00,18,Lenk,STARTUP,1.0,Y Combinator,https://getlenk.com/
2026-08-12T11:34:25.253523+00:00,5,Criya,STARTUP,1.0,Y Combinator,https://criya.co
2026-08-12T11:34:25.253534+00:00,40,haddock,STARTUP,1.0,Y Combinator,https://haddock.app
2026-08-12T11:34:25.253547+00:00,20,Fintelite,STARTUP,1.0,Y Combinator,http://www.fintelite.ai
2026-08-12T11:34:25.253560+00:00,4,Cerebrium,STARTUP,1.0,Y Combinator,https://www.cerebrium.ai/
2026-08-12T11:34:25.253568+00:00,18,Lexter.ai,STARTUP,1.0,Y Combinator,https://www.lexter.ai
2026-08-12T11:34:25.253597+00:00,3,Versable,STARTUP,1.0,Y Combinator,https://www.versableai.com/
2026-08-12T11:34:25.253635+00:00,4,MosaicVoice,STARTUP,1.0,Y Combinator,https://mosaicvoice.ai/
2026-08-12T11:34:25.253659+00:00,35,LanceDB,STARTUP,1.0,Y Combinator,https://lancedb.com
2026-08-12T11:34:25.253678+00:00,80,RDash,STARTUP,1.0,Y Combinator,https://www.rdash.io
2026-08-12T11:34:25.253693+00:00,,Zorba,STARTUP,1.0,Y Combinator,https://www.getzorba.com/
2026-08-12T11:34:25.253701+00:00,5,Beam,STARTUP,1.0,Y Combinator,https://beam.cloud
2026-08-12T11:34:25.253733+00:00,1,Sophys,STARTUP,1.0,Y Combinator,https://www.sophyshealth.com/
2026-08-12T11:34:25.253758+00:00,14,Armilla AI,STARTUP,1.0,Y Combinator,http://www.armilla.ai
2026-08-12T11:34:25.253775+00:00,10,Dart,STARTUP,1.0,Y Combinator,https://www.dartai.com
2026-08-12T11:34:25.253797+00:00,9,Emobi,STARTUP,1.0,Y Combinator,https://www.emobi.ai
2026-08-12T11:34:25.253836+00:00,19,Reforged Labs,STARTUP,1.0,Y Combinator,https://reforgedlabs.com/
2026-08-12T11:34:25.253860+00:00,15,Axis,STARTUP,1.0,Y Combinator,http://axis.xyz
2026-08-12T11:34:25.253893+00:00,31,Flagright,STARTUP,1.0,Y Combinator,https://flagright.com
2026-08-12T11:34:25.253908+00:00,13,RedBrick AI,STARTUP,1.0,Y Combinator,https://redbrickai.com
2026-08-12T11:34:25.253922+00:00,16,Gauss,STARTUP,1.0,Y Combinator,https://gauss.money
2026-08-12T11:34:25.253932+00:00,2,T3 Chat,STARTUP,1.0,Y Combinator,https://t3.chat
2026-08-12T11:34:25.253958+00:00,10,Speechly,STARTUP,1.0,Y Combinator,https://www.speechly.com/
2026-08-12T11:34:25.253966+00:00,7,Sphere,STARTUP,1.0,Y Combinator,https://www.getsphere.com/
2026-08-12T11:34:25.254002+00:00,22,SkyLink,STARTUP,1.0,Y Combinator,http://www.tryskylink.com
2026-08-12T11:34:25.254012+00:00,2,Suggestr,STARTUP,1.0,Y Combinator,https://suggestr.co
2026-08-12T11:34:25.254041+00:00,4,RefineTrain AI,STARTUP,1.0,Y Combinator,https://www.refinetrain.ai/
2026-08-12T11:34:25.254050+00:00,80,PermitFlow,STARTUP,1.0,Y Combinator,http://www.permitflow.com
2026-08-12T11:34:25.254068+00:00,3,NearWave,STARTUP,1.0,Y Combinator,http://nearwave.co
2026-08-12T11:34:25.254103+00:00,4,Siftly,STARTUP,1.0,Y Combinator,https://siftly.ai/
2026-08-12T11:34:25.254128+00:00,3,Tuva Health,STARTUP,1.0,Y Combinator,https://tuvahealth.com/
2026-08-12T11:34:25.254148+00:00,15,Velt,STARTUP,1.0,Y Combinator,https://velt.dev
2026-08-12T11:34:25.254188+00:00,15,Cogram,STARTUP,1.0,Y Combinator,https://cogram.com
2026-08-12T11:34:25.254204+00:00,5,Toko,STARTUP,1.0,Y Combinator,https://tokotutor.com/
2026-08-12T11:34:25.254214+00:00,10,Posh,STARTUP,1.0,Y Combinator,https://www.poshenergy.com
2026-08-12T11:34:25.254229+00:00,2,Sero,STARTUP,1.0,Y Combinator,https://www.sero.so
2026-08-12T11:34:25.254239+00:00,8,Cotera,STARTUP,1.0,Y Combinator,https://cotera.co
2026-08-12T11:34:25.254248+00:00,13,SpadeWorks,STARTUP,1.0,Y Combinator,https://www.spadeworks.co
2026-08-12T11:34:25.254269+00:00,6,LunaJoy Health,STARTUP,1.0,Y Combinator,http://HelloLunaJoy.com
2026-08-12T11:34:25.254287+00:00,30,Curacel,STARTUP,1.0,Y Combinator,https://curacel.co
2026-08-12T11:34:25.254324+00:00,140,voize,STARTUP,1.0,Y Combinator,https://voize.de/
2026-08-12T11:34:25.254367+00:00,50,Agency,STARTUP,1.0,Y Combinator,https://GetAgency.com
2026-08-12T11:34:25.254393+00:00,4,Finnt,STARTUP,1.0,Y Combinator,https://finnt.com
2026-08-12T11:34:25.254407+00:00,8,Strong Compute,STARTUP,1.0,Y Combinator,https://strongcompute.com
2026-08-12T11:34:25.254458+00:00,3,Lovage,STARTUP,1.0,Y Combinator,https://getlovage.com
2026-08-12T11:34:25.254476+00:00,40,"Sendme, Inc",STARTUP,1.0,Y Combinator,http://www.sendme.ng
2026-08-12T11:34:25.254504+00:00,5,Sprites,STARTUP,1.0,Y Combinator,https://sprites.ai/
2026-08-12T11:34:25.254511+00:00,25,SmartHelio,STARTUP,1.0,Y Combinator,https://www.smarthelio.com/
2026-08-12T11:34:25.254546+00:00,8,goodfin,STARTUP,1.0,Y Combinator,http://www.goodfin.com
2026-08-12T11:34:25.254566+00:00,4,Airwork,STARTUP,1.0,Y Combinator,https://www.airworkhq.com
2026-08-12T11:34:25.254617+00:00,30,Cinder,STARTUP,1.0,Y Combinator,https://cinder.ai
2026-08-12T11:34:25.254629+00:00,35,BotCity,STARTUP,1.0,Y Combinator,https://botcity.dev
2026-08-12T11:34:25.254691+00:00,2,Lifecast,STARTUP,1.0,Y Combinator,http://www.lifecastvr.com
2026-08-12T11:34:25.254701+00:00,10,Vimmerse,STARTUP,1.0,Y Combinator,https://vimmerse.net
2026-08-12T11:34:25.254714+00:00,85,Broccoli AI,STARTUP,1.0,Y Combinator,https://www.broccoli.com/
2026-08-12T11:34:25.254750+00:00,13,Bemlo,STARTUP,1.0,Y Combinator,https://www.bemlo.com/en
2026-08-12T11:34:25.254763+00:00,35,Talentropy.ai,STARTUP,1.0,Y Combinator,https://talentropy.ai/
2026-08-12T11:34:25.254771+00:00,7,mutable.ai,STARTUP,1.0,Y Combinator,https://mutable.ai
2026-08-12T11:34:25.254784+00:00,12,Kular,STARTUP,1.0,Y Combinator,https://www.kular.ai
2026-08-12T11:34:25.254793+00:00,25,Theneo,STARTUP,1.0,Y Combinator,https://theneo.io
2026-08-12T11:34:25.254830+00:00,3,Ponyrun,STARTUP,1.0,Y Combinator,http://www.ponyrun.ai
2026-08-12T11:34:25.254838+00:00,2,Top Road,STARTUP,1.0,Y Combinator,https://toproad.ai
2026-08-12T11:34:25.254860+00:00,25,PINA,STARTUP,1.0,Y Combinator,https://pina.id
2026-08-12T11:34:25.254868+00:00,14,AvairSense,STARTUP,1.0,Y Combinator,https://www.avairsense.com/
2026-08-12T11:34:25.254909+00:00,4,Trueplace,STARTUP,1.0,Y Combinator,https://www.trueplace.ca/
2026-08-12T11:34:25.254919+00:00,60,IoTFlows Inc,STARTUP,1.0,Y Combinator,https://www.iotflows.com/
2026-08-12T11:34:25.254946+00:00,5,Nophin,STARTUP,1.0,Y Combinator,https://www.nophin.com
2026-08-12T11:34:25.254955+00:00,10,HOAi,STARTUP,1.0,Y Combinator,https://www.hoai.com
2026-08-12T11:34:25.255037+00:00,30,Spade,STARTUP,1.0,Y Combinator,https://www.spade.com
2026-08-12T11:34:25.255070+00:00,9,Status,STARTUP,1.0,Y Combinator,https://www.statusai.com/
2026-08-12T11:34:25.255130+00:00,25,Shaped,STARTUP,1.0,Y Combinator,https://shaped.ai
2026-08-12T11:34:25.255144+00:00,20,amiloz,STARTUP,1.0,Y Combinator,https://www.beloz.com.mx/
2026-08-12T11:34:25.255158+00:00,7,Ploomber,STARTUP,1.0,Y Combinator,https://ploomber.io/
2026-08-12T11:34:25.255168+00:00,140,GoJom,STARTUP,1.0,Y Combinator,https://gojom.com
2026-08-12T11:34:25.255193+00:00,4,Housewarming,STARTUP,1.0,Y Combinator,https://housewarming.me
2026-08-12T11:34:25.255208+00:00,10,RTHM,STARTUP,1.0,Y Combinator,https://www.rthm.com
2026-08-12T11:34:25.255232+00:00,1,Blink,STARTUP,1.0,Y Combinator,https://blink.new
2026-08-12T11:34:25.255252+00:00,270,Humand,STARTUP,1.0,Y Combinator,https://humand.co
2026-08-12T11:34:25.255273+00:00,6,Workflow86,STARTUP,1.0,Y Combinator,https://www.workflow86.com
2026-08-12T11:34:25.255286+00:00,2,Codec,STARTUP,1.0,Y Combinator,https://codec.io
2026-08-12T11:34:25.255313+00:00,4,Postal,STARTUP,1.0,Y Combinator,https://usepostal.com
2026-08-12T11:34:25.255322+00:00,20,Finku,STARTUP,1.0,Y Combinator,http://finku.id
2026-08-12T11:34:25.255333+00:00,1,AYC Fund,STARTUP,1.0,Y Combinator,http://www.AYCFund.com/
2026-08-12T11:34:25.255366+00:00,10,Heptabase,STARTUP,1.0,Y Combinator,https://heptabase.com/
2026-08-12T11:34:25.255377+00:00,3,Kenobi,STARTUP,1.0,Y Combinator,https://kenobi.ai
2026-08-12T11:34:25.255441+00:00,3,Nara,STARTUP,1.0,Y Combinator,https://trynara.com
2026-08-12T11:34:25.255455+00:00,6,Powerhouse AI,STARTUP,1.0,Y Combinator,https://www.powerhouseai.com
2026-08-12T11:34:25.255478+00:00,6,Query Vary,STARTUP,1.0,Y Combinator,https://queryvary.com
2026-08-12T11:34:25.255496+00:00,20,Impossible Metals,STARTUP,1.0,Y Combinator,https://impossiblemetals.com
2026-08-12T11:34:25.255515+00:00,3,Cellbyte,STARTUP,1.0,Y Combinator,https://www.cellbyte.com/
2026-08-12T11:34:25.255579+00:00,56,GovDash,STARTUP,1.0,Y Combinator,https://govdash.com/
2026-08-12T11:34:25.255613+00:00,24,KorrAI,STARTUP,1.0,Y Combinator,https://www.korrai.com
2026-08-12T11:34:25.255628+00:00,3,MSPilot,STARTUP,1.0,Y Combinator,https://mspilot.io
2026-08-12T11:34:25.255692+00:00,8,Flike,STARTUP,1.0,Y Combinator,https://flike.app/
2026-08-12T11:34:25.255728+00:00,18,Eventual,STARTUP,1.0,Y Combinator,https://www.daft.ai/
2026-08-12T11:34:25.255798+00:00,54,Reality Defender,STARTUP,1.0,Y Combinator,http://www.realitydefender.com
2026-08-12T11:34:25.255826+00:00,7,Mindbase,STARTUP,1.0,Y Combinator,https://mymindbase.ai
2026-08-12T11:34:25.255833+00:00,40,WhiteLab Genomics,STARTUP,1.0,Y Combinator,https://whitelabgx.com
2026-08-12T11:34:25.255880+00:00,3,Poly,STARTUP,1.0,Y Combinator,https://poly.app
2026-08-12T11:34:25.255899+00:00,11,Layerup,STARTUP,1.0,Y Combinator,https://www.uselayerup.com/
2026-08-12T11:34:25.255935+00:00,5,Wolfia,STARTUP,1.0,Y Combinator,https://wolfia.com
2026-08-12T11:34:25.255944+00:00,4,Instant,STARTUP,1.0,Y Combinator,https://instantdb.com
2026-08-12T11:34:25.255986+00:00,15,Stream,STARTUP,1.0,Y Combinator,http://www.stream.claims
2026-08-12T11:34:25.255999+00:00,48,Paces,STARTUP,1.0,Y Combinator,https://paces.com
2026-08-12T11:34:25.256014+00:00,5,Airtrain AI,STARTUP,1.0,Y Combinator,https://airtrain.ai
2026-08-12T11:34:25.256021+00:00,1,Star,STARTUP,1.0,Y Combinator,https://buildwithstar.com
2026-08-12T11:34:25.256047+00:00,2,Elessar,STARTUP,1.0,Y Combinator,https://www.getelessar.com/
2026-08-12T11:34:25.256055+00:00,2,Mercator,STARTUP,1.0,Y Combinator,http://www.mercator.tech
2026-08-12T11:34:25.256062+00:00,10,Julius,STARTUP,1.0,Y Combinator,https://julius.ai
2026-08-12T11:34:25.256069+00:00,5,Ciro,STARTUP,1.0,Y Combinator,https://www.ciro.io/
2026-08-12T11:34:25.256079+00:00,3,Dialect,STARTUP,1.0,Y Combinator,https://www.usedialect.com
2026-08-12T11:34:25.256090+00:00,10,Birch Biosciences,STARTUP,1.0,Y Combinator,http://www.birchbiosciences.com
2026-08-12T11:34:25.256098+00:00,3,Penguin AI,STARTUP,1.0,Y Combinator,http://penguinai.app
2026-08-12T11:34:25.256116+00:00,23,Truva,STARTUP,1.0,Y Combinator,https://www.truva.ai/
2026-08-12T11:34:25.256124+00:00,12,SigmaMind AI,STARTUP,1.0,Y Combinator,https://sigmamind.ai?utm_source=yc&utm_medium=web
2026-08-12T11:34:25.256138+00:00,28,Two Dots,STARTUP,1.0,Y Combinator,https://www.twodots.com
2026-08-12T11:34:25.256160+00:00,4,Superpowered AI,STARTUP,1.0,Y Combinator,https://superpowered.ai
2026-08-12T11:34:25.256180+00:00,2,Makeasite,STARTUP,1.0,Y Combinator,https://makeasite.io
2026-08-12T11:34:25.256208+00:00,40,Tailor,STARTUP,1.0,Y Combinator,https://www.tailor.tech/
2026-08-12T11:34:25.256221+00:00,2,CodeCanary,STARTUP,1.0,Y Combinator,https://www.codecanary.ai
2026-08-12T11:34:25.256232+00:00,20,Pasito,STARTUP,1.0,Y Combinator,https://pasito.ai
2026-08-12T11:34:25.256250+00:00,4,Blitz,STARTUP,1.0,Y Combinator,https://www.blitznocode.com/
2026-08-12T11:34:25.256259+00:00,16,Cerrion,STARTUP,1.0,Y Combinator,https://www.cerrion.com/
2026-08-12T11:34:25.256282+00:00,2,Impractical,STARTUP,1.0,Y Combinator,https://impractical.ai
2026-08-12T11:34:25.256290+00:00,10,CustomerOS,STARTUP,1.0,Y Combinator,https://customeros.ai
2026-08-12T11:34:25.256309+00:00,,ECSA,STARTUP,1.0,Y Combinator,http://ecsa.finance/
2026-08-12T11:34:25.256329+00:00,1,Champ,STARTUP,1.0,Y Combinator,https://trychamp.co/
2026-08-12T11:34:25.256337+00:00,2,BricksAI,STARTUP,1.0,Y Combinator,https://www.trybricks.ai/
2026-08-12T11:34:25.256345+00:00,7,Roxels,STARTUP,1.0,Y Combinator,https://www.roxels.ai/
2026-08-12T11:34:25.256355+00:00,6,Serinus Biosciences,STARTUP,1.0,Y Combinator,http://www.serinus.bio
2026-08-12T11:34:25.256375+00:00,50,Fetii,STARTUP,1.0,Y Combinator,https://www.fetii.com/
2026-08-12T11:34:25.256391+00:00,8,Craze,STARTUP,1.0,Y Combinator,https://www.craze.ai/?utm_source=yc
2026-08-12T11:34:25.256413+00:00,3,Paragon AI,STARTUP,1.0,Y Combinator,https://paragon.ai
2026-08-12T11:34:25.256427+00:00,50,Boostly,STARTUP,1.0,Y Combinator,https://boostly.com
2026-08-12T11:34:25.256460+00:00,16,Ballerine,STARTUP,1.0,Y Combinator,http://www.ballerine.com
2026-08-12T11:34:25.256469+00:00,6,NuMind,STARTUP,1.0,Y Combinator,https://www.numind.ai
2026-08-12T11:34:25.256509+00:00,6,Sunlight,STARTUP,1.0,Y Combinator,https://www.sunlightapi.com/
2026-08-12T11:34:25.256521+00:00,2,Midplane,STARTUP,1.0,Y Combinator,https://midplane.ai/
2026-08-12T11:34:25.256583+00:00,14,Overwatch,STARTUP,1.0,Y Combinator,http://www.overwatchdata.ai
2026-08-12T11:34:25.256592+00:00,15,Blee,STARTUP,1.0,Y Combinator,https://www.blee.com
2026-08-12T11:34:25.256635+00:00,4,Raven,STARTUP,1.0,Y Combinator,https://startraven.com
2026-08-12T11:34:25.256655+00:00,10,Activepieces,STARTUP,1.0,Y Combinator,https://www.activepieces.com
2026-08-12T11:34:25.256699+00:00,2,Popsy,STARTUP,1.0,Y Combinator,https://popsy.ai
2026-08-12T11:34:25.256718+00:00,65,Juicebox,STARTUP,1.0,Y Combinator,https://juicebox.ai/
2026-08-12T11:34:25.256735+00:00,4,Apply Design,STARTUP,1.0,Y Combinator,http://www.applydesign.io
2026-08-12T11:34:25.256764+00:00,4,Phind,STARTUP,1.0,Y Combinator,https://phind.com
2026-08-12T11:34:25.256799+00:00,4,Aragorn AI,STARTUP,1.0,Y Combinator,https://www.aragorn.ai
2026-08-12T11:34:25.256815+00:00,9,Namecard.ai,STARTUP,1.0,Y Combinator,https://namecard.ai/
2026-08-12T11:34:25.256826+00:00,6,Flair Labs,STARTUP,1.0,Y Combinator,https://www.flairlabs.ai/
2026-08-12T11:34:25.256834+00:00,6,Unify,STARTUP,1.0,Y Combinator,https://unify.ai
2026-08-12T11:34:25.256857+00:00,2,Mistle,STARTUP,1.0,Y Combinator,https://mistle.dev
2026-08-12T11:34:25.256869+00:00,5,Slidely AI,STARTUP,1.0,Y Combinator,https://slidely.ai/
2026-08-12T11:34:25.256882+00:00,12,Typewise,STARTUP,1.0,Y Combinator,https://typewise.app
2026-08-12T11:34:25.256896+00:00,22,NewsCatcher,STARTUP,1.0,Y Combinator,https://newscatcherapi.com/
2026-08-12T11:34:25.256905+00:00,3,100x,STARTUP,1.0,Y Combinator,https://100x.bot?utm_source=inbound&utm_medium=bookface&utm_campaign=yc&utm_id=122
2026-08-12T11:34:25.256924+00:00,15,Provision,STARTUP,1.0,Y Combinator,https://provision.com
2026-08-12T11:34:25.256935+00:00,15,Thera,STARTUP,1.0,Y Combinator,https://www.getthera.com
2026-08-12T11:34:25.256951+00:00,3,Neosync,STARTUP,1.0,Y Combinator,https://neosync.dev
2026-08-12T11:34:25.256965+00:00,35,Peoplebox.ai,STARTUP,1.0,Y Combinator,https://www.peoplebox.ai
2026-08-12T11:34:25.256986+00:00,10,Coris,STARTUP,1.0,Y Combinator,https://coris.ai/
2026-08-12T11:34:25.256998+00:00,18,Hedgehog,STARTUP,1.0,Y Combinator,http://hedgehogfoods.com
2026-08-12T11:34:25.257005+00:00,8,Alphawatch AI,STARTUP,1.0,Y Combinator,https://alphawatch.ai
2026-08-12T11:34:25.257011+00:00,4,AnythingLLM,STARTUP,1.0,Y Combinator,https://anythingllm.com
2026-08-12T11:34:25.257021+00:00,100,Latent Space,STARTUP,1.0,Y Combinator,https://latentspace.sh/
2026-08-12T11:34:25.257028+00:00,10,AviaryAI,STARTUP,1.0,Y Combinator,http://www.helloaviary.ai
2026-08-12T11:34:25.257064+00:00,7,FlyCode,STARTUP,1.0,Y Combinator,https://www.flycode.com
2026-08-12T11:34:25.257071+00:00,5,Maya Labs,STARTUP,1.0,Y Combinator,https://mayalabs.io
2026-08-12T11:34:25.257092+00:00,5,Rima AI (formerly Garage),STARTUP,1.0,Y Combinator,https://www.getrima.ai
2026-08-12T11:34:25.257099+00:00,4,Quinn,STARTUP,1.0,Y Combinator,https://www.quinnbio.com
2026-08-12T11:34:25.257108+00:00,45,Aurelian,STARTUP,1.0,Y Combinator,https://www.aurelian.com/
2026-08-12T11:34:25.257130+00:00,26,Metriport,STARTUP,1.0,Y Combinator,https://metriport.com/
2026-08-12T11:34:25.257142+00:00,14,Fini,STARTUP,1.0,Y Combinator,https://www.usefini.com
2026-08-12T11:34:25.257149+00:00,4,Cobbery,STARTUP,1.0,Y Combinator,https://cobbery.com
2026-08-12T11:34:25.257161+00:00,3,Grai,STARTUP,1.0,Y Combinator,https://www.grai.io
2026-08-12T11:34:25.257169+00:00,8,Feather,STARTUP,1.0,Y Combinator,https://featherhq.com
2026-08-12T11:34:25.257178+00:00,3,Artemis Search,STARTUP,1.0,Y Combinator,https://search-artemis.com/
2026-08-12T11:34:25.257192+00:00,3,Argovox,STARTUP,1.0,Y Combinator,https://www.argovox.com/
2026-08-12T11:34:25.257236+00:00,7,Unthread,STARTUP,1.0,Y Combinator,https://unthread.io
2026-08-12T11:34:25.257287+00:00,4,Roforco,STARTUP,1.0,Y Combinator,https://www.ycombinator.com/companies/roforco
2026-08-12T11:34:25.257331+00:00,10,Lamin,STARTUP,1.0,Y Combinator,https://lamin.ai
2026-08-12T11:34:25.257364+00:00,11,Findly,STARTUP,1.0,Y Combinator,https://www.findly.ai/join
2026-08-12T11:34:25.257375+00:00,5,Sanifu,STARTUP,1.0,Y Combinator,https://sanifu.ai
2026-08-12T11:34:25.257383+00:00,20,HOMLI,STARTUP,1.0,Y Combinator,https://thehomli.com
2026-08-12T11:34:25.257408+00:00,3,Boton,STARTUP,1.0,Y Combinator,https://www.botonapp.com/
2026-08-12T11:34:25.257416+00:00,5,Avina,STARTUP,1.0,Y Combinator,https://avina.io
2026-08-12T11:34:25.257425+00:00,12,Invofox,STARTUP,1.0,Y Combinator,https://invofox.com
2026-08-12T11:34:25.257434+00:00,2,TypeLess,STARTUP,1.0,Y Combinator,https://apps.apple.com/us/app/typeless-ai-messenger/id6478489620
2026-08-12T11:34:25.257468+00:00,35,Firecrawl,STARTUP,1.0,Y Combinator,https://www.firecrawl.dev
2026-08-12T11:34:25.257488+00:00,7,Superbar,STARTUP,1.0,Y Combinator,http://www.superbar.ai
2026-08-12T11:34:25.257498+00:00,7,Sonnet,STARTUP,1.0,Y Combinator,https://www.ycombinator.com/companies/sonnet
2026-08-12T11:34:25.257513+00:00,5,Jasmine Energy,STARTUP,1.0,Y Combinator,http://www.jasmine.energy
2026-08-12T11:34:25.257549+00:00,65,Oneleet,STARTUP,1.0,Y Combinator,https://www.oneleet.com/?utm_source=yc&utm_medium=bookface
2026-08-12T11:34:25.257566+00:00,5,Entvin,STARTUP,1.0,Y Combinator,http://entvin.com?utm_source=yc
2026-08-12T11:34:25.257574+00:00,15,Wondercraft,STARTUP,1.0,Y Combinator,https://wondercraft.ai/
2026-08-12T11:34:25.257598+00:00,5,Clearline,STARTUP,1.0,Y Combinator,https://useclearline.com
2026-08-12T11:34:25.257618+00:00,6,Monterey AI,STARTUP,1.0,Y Combinator,http://www.monterey.ai
2026-08-12T11:34:25.257631+00:00,4,Slingshot,STARTUP,1.0,Y Combinator,https://slingshotml.com
2026-08-12T11:34:25.257644+00:00,75,Pump.co,STARTUP,1.0,Y Combinator,https://www.pump.co/
2026-08-12T11:34:25.257667+00:00,,Knowtex,STARTUP,1.0,Y Combinator,http://www.knowtex.ai/
2026-08-12T11:34:25.257677+00:00,2,Sculpt,STARTUP,1.0,Y Combinator,https://www.sculptcosting.com/
2026-08-12T11:34:25.257721+00:00,3,Lavo Life Sciences,STARTUP,1.0,Y Combinator,https://www.lavo.ai/
2026-08-12T11:34:25.257729+00:00,45,Kashin,STARTUP,1.0,Y Combinator,https://kashin.app/
2026-08-12T11:34:25.257739+00:00,2,Delfino AI,STARTUP,1.0,Y Combinator,https://www.delfino.ai/
2026-08-12T11:34:25.257758+00:00,4,CAPSULE,STARTUP,1.0,Y Combinator,https://www.shopcapsule.ai/
2026-08-12T11:34:25.257776+00:00,2,InVision Medical Technology,STARTUP,1.0,Y Combinator,http://invisionmedtech.com/
2026-08-12T11:34:25.257784+00:00,60,Cambio,STARTUP,1.0,Y Combinator,https://www.cambio.ai/
2026-08-12T11:34:25.257802+00:00,20,Axle,STARTUP,1.0,Y Combinator,https://axle.insure
2026-08-12T11:34:25.257818+00:00,35,Landeed,STARTUP,1.0,Y Combinator,https://www.landeed.com/
2026-08-12T11:34:25.257835+00:00,7,Chima,STARTUP,1.0,Y Combinator,https://www.withchima.com/
2026-08-12T11:34:25.257847+00:00,15,Intuned,STARTUP,1.0,Y Combinator,https://intunedhq.com
2026-08-12T11:34:25.257865+00:00,4,Coverage Cat,STARTUP,1.0,Y Combinator,https://www.coveragecat.com/
2026-08-12T11:34:25.257875+00:00,1,Integrated Reasoning,STARTUP,1.0,Y Combinator,https://integrated-reasoning.com
2026-08-12T11:34:25.257907+00:00,2,Dev Tools AI,STARTUP,1.0,Y Combinator,https://dev-tools.ai
2026-08-12T11:34:25.257935+00:00,13,Polymath Robotics,STARTUP,1.0,Y Combinator,http://www.polymathrobotics.com
2026-08-12T11:34:25.257949+00:00,7,Sameday,STARTUP,1.0,Y Combinator,https://www.gosameday.com/
2026-08-12T11:34:25.257959+00:00,3,zudo.work,STARTUP,1.0,Y Combinator,https://zudo.work/
2026-08-12T11:34:25.257967+00:00,3,Rubbrband,STARTUP,1.0,Y Combinator,https://rubbrband.com
2026-08-12T11:34:25.257987+00:00,40,Middleware,STARTUP,1.0,Y Combinator,https://www.middleware.io
2026-08-12T11:34:25.257998+00:00,62,StackAI,STARTUP,1.0,Y Combinator,https://www.stackai.com
2026-08-12T11:34:25.258006+00:00,3,Designbase,STARTUP,1.0,Y Combinator,https://www.designbase.com/
2026-08-12T11:34:25.258019+00:00,5,Finvest,STARTUP,1.0,Y Combinator,https://www.getfinvest.com/
2026-08-12T11:34:25.258037+00:00,2,Blyss,STARTUP,1.0,Y Combinator,https://blyss.dev/
2026-08-12T11:34:25.258055+00:00,10,Reflex,STARTUP,1.0,Y Combinator,https://reflex.dev
2026-08-12T11:34:25.258077+00:00,2,Linum,STARTUP,1.0,Y Combinator,https://www.linum.ai/
2026-08-12T11:34:25.258085+00:00,3,Cardinal,STARTUP,1.0,Y Combinator,http://cardinalapp.io
2026-08-12T11:34:25.258101+00:00,9,Traceloop,STARTUP,1.0,Y Combinator,https://www.traceloop.com
2026-08-12T11:34:25.258126+00:00,9,Trigger.dev,STARTUP,1.0,Y Combinator,https://trigger.dev
2026-08-12T11:34:25.258146+00:00,16,Versori,STARTUP,1.0,Y Combinator,https://www.versori.com/
2026-08-12T11:34:25.258155+00:00,3,Struct,STARTUP,1.0,Y Combinator,https://struct.app
2026-08-12T11:34:25.258167+00:00,15,Syncly,STARTUP,1.0,Y Combinator,https://syncly.app/
2026-08-12T11:34:25.258179+00:00,8,DrDroid,STARTUP,1.0,Y Combinator,https://drdroid.io/
2026-08-12T11:34:25.258187+00:00,3,Layup,STARTUP,1.0,Y Combinator,http://www.layuplabs.ai
2026-08-12T11:34:25.258198+00:00,14,Credal.ai,STARTUP,1.0,Y Combinator,https://credal.ai
2026-08-12T11:34:25.258206+00:00,10,Magic Patterns,STARTUP,1.0,Y Combinator,https://www.magicpatterns.com/
2026-08-12T11:34:25.258229+00:00,30,Rollstack,STARTUP,1.0,Y Combinator,https://www.rollstack.com
2026-08-12T11:34:25.258246+00:00,5,Paperplane,STARTUP,1.0,Y Combinator,https://www.paperplane.ai/
2026-08-12T11:34:25.258260+00:00,5,Novelcare,STARTUP,1.0,Y Combinator,https://www.novel.care
2026-08-12T11:34:25.258269+00:00,5,Lume,STARTUP,1.0,Y Combinator,https://www.lume.ai
2026-08-12T11:34:25.258287+00:00,7,Concourse,STARTUP,1.0,Y Combinator,https://concourse.co/
2026-08-12T11:34:25.258298+00:00,50,Latent,STARTUP,1.0,Y Combinator,https://latenthealth.com
2026-08-12T11:34:25.258307+00:00,2,Backdrop,STARTUP,1.0,Y Combinator,https://www.backdropagent.com
2026-08-12T11:34:25.258315+00:00,5,Mulligan,STARTUP,1.0,Y Combinator,https://insurestack.ai/
2026-08-12T11:34:25.258324+00:00,2,Dashdive,STARTUP,1.0,Y Combinator,https://dashdive.com
2026-08-12T11:34:25.258342+00:00,2,Indexical,STARTUP,1.0,Y Combinator,https://indexical.dev/
2026-08-12T11:34:25.258353+00:00,2,Demospace,STARTUP,1.0,Y Combinator,https://www.demospace.ai
2026-08-12T11:34:25.258365+00:00,4,Brewit,STARTUP,1.0,Y Combinator,https://brewit.ai/
2026-08-12T11:34:25.258374+00:00,5,Lynx,STARTUP,1.0,Y Combinator,https://uselynx.ai
2026-08-12T11:34:25.258382+00:00,8,Palomma,STARTUP,1.0,Y Combinator,http://www.palomma.com/
2026-08-12T11:34:25.258390+00:00,2,Parabolic,STARTUP,1.0,Y Combinator,https://www.growparabolic.com/
2026-08-12T11:34:25.258405+00:00,2,Rubber Ducky Labs,STARTUP,1.0,Y Combinator,https://www.rubberduckylabs.io/
2026-08-12T11:34:25.258428+00:00,2,Pair AI,STARTUP,1.0,Y Combinator,https://www.pairai.com/
2026-08-12T11:34:25.258438+00:00,6,Ohm,STARTUP,1.0,Y Combinator,https://www.ohm.ai
2026-08-12T11:34:25.258450+00:00,2,Double – Coding Copilot,STARTUP,1.0,Y Combinator,https://double.bot
2026-08-12T11:34:25.258459+00:00,7,Glass Health,STARTUP,1.0,Y Combinator,https://glass.health
2026-08-12T11:34:25.258467+00:00,3,Versive,STARTUP,1.0,Y Combinator,https://www.getversive.com/
2026-08-12T11:34:25.258476+00:00,2,Pledge Health,STARTUP,1.0,Y Combinator,https://www.pledge.health/
2026-08-12T11:34:25.258494+00:00,40,Salient,STARTUP,1.0,Y Combinator,https://www.trysalient.com
2026-08-12T11:34:25.258527+00:00,2,Dataglade,STARTUP,1.0,Y Combinator,https://dataglade.com
2026-08-12T11:34:25.258542+00:00,5,Narrative,STARTUP,1.0,Y Combinator,https://www.trynarrative.com/
2026-08-12T11:34:25.258551+00:00,5,OfOne,STARTUP,1.0,Y Combinator,https://www.of.one
2026-08-12T11:34:25.258559+00:00,3,OpenSight,STARTUP,1.0,Y Combinator,https://www.opensight.ai
2026-08-12T11:34:25.258567+00:00,20,loopfour,STARTUP,1.0,Y Combinator,https://www.loopfour.com
2026-08-12T11:34:25.258574+00:00,2,Gluetrail,STARTUP,1.0,Y Combinator,https://www.gluetrail.com
2026-08-12T11:34:25.258586+00:00,3,infra.new,STARTUP,1.0,Y Combinator,https://infra.new
2026-08-12T11:34:25.258593+00:00,2,PoplarML,STARTUP,1.0,Y Combinator,http://poplarml.com
2026-08-12T11:34:25.258619+00:00,6,CreatorML,STARTUP,1.0,Y Combinator,https://creatorml.com/
2026-08-12T11:34:25.258626+00:00,30,Vooma,STARTUP,1.0,Y Combinator,https://www.vooma.ai
2026-08-12T11:34:25.258634+00:00,10,Scanbase,STARTUP,1.0,Y Combinator,https://www.scanbase.com
2026-08-12T11:34:25.258645+00:00,4,Neptyne,STARTUP,1.0,Y Combinator,https://neptyne.com
2026-08-12T11:34:25.258660+00:00,6,Bluebirds,STARTUP,1.0,Y Combinator,https://www.bluebirds.ai
2026-08-12T11:34:25.258676+00:00,2,LinkGrep,STARTUP,1.0,Y Combinator,https://linkgrep.com
2026-08-12T11:34:25.258692+00:00,20,Flower,STARTUP,1.0,Y Combinator,https://flower.ai
2026-08-12T11:34:25.258700+00:00,12,Cosine,STARTUP,1.0,Y Combinator,http://www.cosine.sh
2026-08-12T11:34:25.258708+00:00,5,Alloy,STARTUP,1.0,Y Combinator,https://alloy.app
2026-08-12T11:34:25.258729+00:00,5,Gooseworks,STARTUP,1.0,Y Combinator,https://gooseworks.ai/
2026-08-12T11:34:25.258737+00:00,25,Cloudchipr,STARTUP,1.0,Y Combinator,https://cloudchipr.com/
2026-08-12T11:34:25.258756+00:00,4,Frigade,STARTUP,1.0,Y Combinator,https://frigade.com
2026-08-12T11:34:25.258779+00:00,3,Haven,STARTUP,1.0,Y Combinator,https://www.usehaven.ai/
2026-08-12T11:34:25.258786+00:00,1,coil inc.,STARTUP,1.0,Y Combinator,http://www.trycoil.com
2026-08-12T11:34:25.258800+00:00,5,No Cap,STARTUP,1.0,Y Combinator,https://www.nocap.so
2026-08-12T11:34:25.258807+00:00,3,Dream3D,STARTUP,1.0,Y Combinator,https://dream3d.com
2026-08-12T11:34:25.258827+00:00,4,DataSuite,STARTUP,1.0,Y Combinator,https://truthsuite.com
2026-08-12T11:34:25.258835+00:00,4,Outerbase,STARTUP,1.0,Y Combinator,https://www.outerbase.com
2026-08-12T11:34:25.258843+00:00,2,co.dev,STARTUP,1.0,Y Combinator,https://co.dev/?ref=YC
2026-08-12T11:34:25.258851+00:00,19,Langfuse,STARTUP,1.0,Y Combinator,https://langfuse.com
2026-08-12T11:34:25.258858+00:00,25,Extend,STARTUP,1.0,Y Combinator,https://www.extend.ai/
2026-08-12T11:34:25.258875+00:00,20,Floworks,STARTUP,1.0,Y Combinator,https://floworks.ai/
2026-08-12T11:34:25.258886+00:00,1,Iliad,STARTUP,1.0,Y Combinator,https://iliad.ai
2026-08-12T11:34:25.258898+00:00,7,OpenMeter,STARTUP,1.0,Y Combinator,https://openmeter.io
2026-08-12T11:34:25.258921+00:00,18,Inkeep,STARTUP,1.0,Y Combinator,https://inkeep.com
2026-08-12T11:34:25.258930+00:00,3,Velos,STARTUP,1.0,Y Combinator,https://www.tryvelos.com
2026-08-12T11:34:25.258938+00:00,6,EzDubs,STARTUP,1.0,Y Combinator,http://www.ezdubs.ai
2026-08-12T11:34:25.258944+00:00,3,Wild Moose,STARTUP,1.0,Y Combinator,https://wildmoose.ai
2026-08-12T11:34:25.258953+00:00,8,ShortLoop,STARTUP,1.0,Y Combinator,https://shortloop.dev/
2026-08-12T11:34:25.258967+00:00,3,Booth AI,STARTUP,1.0,Y Combinator,https://booth.ai
2026-08-12T11:34:25.258978+00:00,30,Truewind,STARTUP,1.0,Y Combinator,https://truewind.ai
2026-08-12T11:34:25.258986+00:00,2,TableFlow,STARTUP,1.0,Y Combinator,https://tableflow.com
2026-08-12T11:34:25.259005+00:00,4,Orchid,STARTUP,1.0,Y Combinator,https://orchid.health
2026-08-12T11:34:25.259014+00:00,,KV Cash,STARTUP,1.0,Y Combinator,https://kv.cash
2026-08-12T11:34:25.259026+00:00,11,1stCollab,STARTUP,1.0,Y Combinator,https://1stcollab.com/
2026-08-12T11:34:25.259051+00:00,2,Magicflow 𐂂,STARTUP,1.0,Y Combinator,https://magicflow.ai
2026-08-12T11:34:25.259079+00:00,5,Helicone,STARTUP,1.0,Y Combinator,https://www.helicone.ai/
2026-08-12T11:34:25.259095+00:00,4,Ariglad,STARTUP,1.0,Y Combinator,https://www.ariglad.com/
2026-08-12T11:34:25.259113+00:00,16,222,STARTUP,1.0,Y Combinator,https://222.place
2026-08-12T11:34:25.259120+00:00,12,Variance,STARTUP,1.0,Y Combinator,https://www.variance.com/
2026-08-12T11:34:25.259128+00:00,6,Fintool,STARTUP,1.0,Y Combinator,https://www.fintool.com/
2026-08-12T11:34:25.259142+00:00,3,compliant-llm,STARTUP,1.0,Y Combinator,https://www.compliantllm.com/
2026-08-12T11:34:25.259159+00:00,10,Boundary,STARTUP,1.0,Y Combinator,https://www.boundaryml.com
2026-08-12T11:34:25.259165+00:00,3,FactIQ,STARTUP,1.0,Y Combinator,https://factiq.com/
2026-08-12T11:34:25.259180+00:00,1,SensorSurf,STARTUP,1.0,Y Combinator,https://www.technician.dev
2026-08-12T11:34:25.259187+00:00,80,Hadrius,STARTUP,1.0,Y Combinator,https://www.hadrius.com
2026-08-12T11:34:25.259196+00:00,3,Fairway Health,STARTUP,1.0,Y Combinator,https://www.fairwayhealth.co/
2026-08-12T11:34:25.259207+00:00,4,Shortbread,STARTUP,1.0,Y Combinator,https://www.shortbread.ai/
2026-08-12T11:34:25.259215+00:00,60,Onshore,STARTUP,1.0,Y Combinator,https://onshore.com
2026-08-12T11:34:25.259228+00:00,6,Sherloq,STARTUP,1.0,Y Combinator,http://sherloqdata.io/
2026-08-12T11:34:25.259243+00:00,4,Finic,STARTUP,1.0,Y Combinator,https://www.finic.ai
2026-08-12T11:34:25.259258+00:00,2,Hippo Scribe,STARTUP,1.0,Y Combinator,https://gethipposcribe.com
2026-08-12T11:34:25.259328+00:00,5,nunu.ai,STARTUP,1.0,Y Combinator,https://nunu.ai
2026-08-12T11:34:25.259381+00:00,15,CombineHealth,STARTUP,1.0,Y Combinator,https://www.combinehealth.ai/
2026-08-12T11:34:25.259391+00:00,3,Echo,STARTUP,1.0,Y Combinator,https://www.echothat.ai/
2026-08-12T11:34:25.259447+00:00,20,SuperKalam,STARTUP,1.0,Y Combinator,https://superkalam.com
2026-08-12T11:34:25.259457+00:00,25,Clueso,STARTUP,1.0,Y Combinator,https://clueso.io
2026-08-12T11:34:25.259469+00:00,3,Retape,STARTUP,1.0,Y Combinator,https://www.retape.ai/
2026-08-12T11:34:25.259520+00:00,3,Coldreach,STARTUP,1.0,Y Combinator,https://coldreach.ai/
2026-08-12T11:34:25.259538+00:00,10,Mantys,STARTUP,1.0,Y Combinator,https://www.mantys.io/
2026-08-12T11:34:25.259567+00:00,3,Univerbal,STARTUP,1.0,Y Combinator,https://univerbal.app
2026-08-12T11:34:25.259605+00:00,10,Diffuse Bio,STARTUP,1.0,Y Combinator,http://diffuse.bio
2026-08-12T11:34:25.259637+00:00,120,Pylon,STARTUP,1.0,Y Combinator,https://usepylon.com/?utm_source=bookface&utm_medium=referral&utm_campaign=pylon-profile
2026-08-12T11:34:25.259660+00:00,2,Epsilon,STARTUP,1.0,Y Combinator,https://www.epsilon-ai.com
2026-08-12T11:34:25.259673+00:00,3,Helios,STARTUP,1.0,Y Combinator,https://www.usehelios.ai/
2026-08-12T11:34:25.259682+00:00,35,PlayAI,STARTUP,1.0,Y Combinator,https://play.ai/
2026-08-12T11:34:25.259711+00:00,3,Corgi Labs,STARTUP,1.0,Y Combinator,https://www.corgilabs.ai
2026-08-12T11:34:25.259759+00:00,2,DAGWorks Inc.,STARTUP,1.0,Y Combinator,https://www.dagworks.io/
2026-08-12T11:34:25.259776+00:00,5,Rivet,STARTUP,1.0,Y Combinator,https://rivet.dev
2026-08-12T11:34:25.259796+00:00,2,Maxi,STARTUP,1.0,Y Combinator,https://www.usemaxi.app
2026-08-12T11:34:25.259819+00:00,3,Hindsight,STARTUP,1.0,Y Combinator,https://www.usehindsight.com/
2026-08-12T11:34:25.259854+00:00,4,OpenInt,STARTUP,1.0,Y Combinator,https://openint.dev
2026-08-12T11:34:25.259872+00:00,4,Decohere,STARTUP,1.0,Y Combinator,https://decohere.ai
2026-08-12T11:34:25.259919+00:00,2,CodeParrot AI,STARTUP,1.0,Y Combinator,https://codeparrot.ai/
2026-08-12T11:34:25.259940+00:00,15,Conduit,STARTUP,1.0,Y Combinator,http://helloconduit.com
2026-08-12T11:34:25.259959+00:00,8,Berry,STARTUP,1.0,Y Combinator,https://berryai.com/
2026-08-12T11:34:25.259970+00:00,6,Persist AI,STARTUP,1.0,Y Combinator,http://www.persist-ai.com
2026-08-12T11:34:25.259978+00:00,2,Interlock,STARTUP,1.0,Y Combinator,https://www.tryinterlock.com/
2026-08-12T11:34:25.259990+00:00,2,rex.fit,STARTUP,1.0,Y Combinator,https://www.rex.fit
2026-08-12T11:34:25.260011+00:00,3,Vocode,STARTUP,1.0,Y Combinator,https://vocode.dev
2026-08-12T11:34:25.260031+00:00,2,Fabius,STARTUP,1.0,Y Combinator,https://fabius.io
2026-08-12T11:34:25.260040+00:00,7,Benchmark,STARTUP,1.0,Y Combinator,https://withbenchmark.com/
2026-08-12T11:34:25.260434+00:00,2,Edge,STARTUP,1.0,Y Combinator,https://withedge.com
2026-08-12T11:34:25.260444+00:00,6,Luca,STARTUP,1.0,Y Combinator,https://www.askluca.com/
2026-08-12T11:34:25.260501+00:00,2,Verata,STARTUP,1.0,Y Combinator,https://www.veratainsight.com/
2026-08-12T11:34:25.260514+00:00,4,Pier,STARTUP,1.0,Y Combinator,http://www.pier-finance.com
2026-08-12T11:34:25.260523+00:00,20,Vector,STARTUP,1.0,Y Combinator,https://vector.co
2026-08-12T11:34:25.260531+00:00,2,Texel.ai,STARTUP,1.0,Y Combinator,https://texel.ai
2026-08-12T11:34:25.260545+00:00,17,Metal,STARTUP,1.0,Y Combinator,https://metal.ai/
2026-08-12T11:34:25.260596+00:00,2,Atmeto,STARTUP,1.0,Y Combinator,https://www.atmeto.com
2026-08-12T11:34:25.260607+00:00,29,Escape,STARTUP,1.0,Y Combinator,https://escape.tech
2026-08-12T11:34:25.260616+00:00,5,Kyber,STARTUP,1.0,Y Combinator,https://askkyber.com
2026-08-12T11:34:25.260652+00:00,2,Persana AI,STARTUP,1.0,Y Combinator,https://www.persana.ai/
2026-08-12T11:34:25.260672+00:00,5,Type,STARTUP,1.0,Y Combinator,https://type.ai
2026-08-12T11:34:25.260683+00:00,1,Lightski,STARTUP,1.0,Y Combinator,https://www.lightski.com
2026-08-12T11:34:25.260696+00:00,4,Vendora,STARTUP,1.0,Y Combinator,https://www.vendora.io/
2026-08-12T11:34:25.260704+00:00,3,Adri AI,STARTUP,1.0,Y Combinator,https://www.getadri.ai/
2026-08-12T11:34:25.260713+00:00,3,Second,STARTUP,1.0,Y Combinator,https://www.second.dev
2026-08-12T11:34:25.260730+00:00,80,Warp,STARTUP,1.0,Y Combinator,https://www.warp.co/
2026-08-12T11:34:25.260740+00:00,4,Fetchr,STARTUP,1.0,Y Combinator,https://www.fetchr.so
2026-08-12T11:34:25.260752+00:00,4,Upfront,STARTUP,1.0,Y Combinator,https://tryupfront.com
2026-08-12T11:34:25.260772+00:00,28,Cercli,STARTUP,1.0,Y Combinator,https://www.cercli.com
2026-08-12T11:34:25.260782+00:00,10,LiteLLM,STARTUP,1.0,Y Combinator,https://www.litellm.ai/
2026-08-12T11:34:25.260823+00:00,,Automat,STARTUP,1.0,Y Combinator,https://www.runautomat.com/
2026-08-12T11:34:25.260853+00:00,26,Yuma AI,STARTUP,1.0,Y Combinator,https://yuma.ai
2026-08-12T11:34:25.260861+00:00,1,Vaero,STARTUP,1.0,Y Combinator,https://vaero.ai
2026-08-12T11:34:25.260878+00:00,5,Pando Bioscience,STARTUP,1.0,Y Combinator,https://pando.bio/
2026-08-12T11:34:25.260937+00:00,22,kapa.ai,STARTUP,1.0,Y Combinator,https://www.kapa.ai
2026-08-12T11:34:25.260950+00:00,4,Kino AI,STARTUP,1.0,Y Combinator,https://kino.ai
2026-08-12T11:34:25.260964+00:00,1,Reworkd,STARTUP,1.0,Y Combinator,https://reworkd.ai
2026-08-12T11:34:25.260973+00:00,7,Nectar,STARTUP,1.0,Y Combinator,https://nectarclimate.com
2026-08-12T11:34:25.260984+00:00,3,Branch AI,STARTUP,1.0,Y Combinator,https://www.branch-ai.com
2026-08-12T11:34:25.261000+00:00,3,Ora AI,STARTUP,1.0,Y Combinator,http://oraai.com/
2026-08-12T11:34:25.261013+00:00,3,Xeol,STARTUP,1.0,Y Combinator,https://www.xeol.io/
2026-08-12T11:34:25.261021+00:00,,Metoro,STARTUP,1.0,Y Combinator,https://metoro.io
2026-08-12T11:34:25.261031+00:00,3,Clearest Health,STARTUP,1.0,Y Combinator,https://clearesthealth.com/
2026-08-12T11:34:25.261039+00:00,20,Elyos AI,STARTUP,1.0,Y Combinator,https://www.elyos.ai/
2026-08-12T11:34:25.261055+00:00,18,Accend,STARTUP,1.0,Y Combinator,https://www.withaccend.com/
2026-08-12T11:34:25.261067+00:00,8,Deasy Labs,STARTUP,1.0,Y Combinator,https://www.deasylabs.com/
2026-08-12T11:34:25.261077+00:00,30,Hyperbound,STARTUP,1.0,Y Combinator,https://hyperbound.ai
2026-08-12T11:34:25.261090+00:00,3,Watto AI,STARTUP,1.0,Y Combinator,https://www.watto.ai
2026-08-12T11:34:25.261098+00:00,3,Linc.,STARTUP,1.0,Y Combinator,https://www.linc-ai.com/
2026-08-12T11:34:25.261123+00:00,2,Magic Loops,STARTUP,1.0,Y Combinator,https://magicloops.dev
2026-08-12T11:34:25.261136+00:00,4,Remy,STARTUP,1.0,Y Combinator,https://www.startremy.com/
2026-08-12T11:34:25.261147+00:00,8,Sohar Health,STARTUP,1.0,Y Combinator,https://www.soharhealth.com
2026-08-12T11:34:25.261154+00:00,65,Bland AI,STARTUP,1.0,Y Combinator,https://bland.com
2026-08-12T11:34:25.261164+00:00,10,Diligent,STARTUP,1.0,Y Combinator,https://godiligent.ai
2026-08-12T11:34:25.261172+00:00,5,Pointhound,STARTUP,1.0,Y Combinator,http://www.pointhound.com
2026-08-12T11:34:25.261182+00:00,3,PropRise,STARTUP,1.0,Y Combinator,https://www.proprise.ai/
2026-08-12T11:34:25.261191+00:00,20,Readily,STARTUP,1.0,Y Combinator,https://readily.co
2026-08-12T11:34:25.261213+00:00,40,Casca,STARTUP,1.0,Y Combinator,https://www.cascading.ai/
2026-08-12T11:34:25.261227+00:00,5,Cedana,STARTUP,1.0,Y Combinator,https://cedana.ai
2026-08-12T11:34:25.261234+00:00,2,Lifelike,STARTUP,1.0,Y Combinator,https://lifelike.app/
2026-08-12T11:34:25.261242+00:00,3,OpenTools,STARTUP,1.0,Y Combinator,https://opentools.com
2026-08-12T11:34:25.261256+00:00,10,Atla,STARTUP,1.0,Y Combinator,https://www.atla-ai.com/
2026-08-12T11:34:25.261266+00:00,2,Contour,STARTUP,1.0,Y Combinator,https://www.ycombinator.com/companies/contour
2026-08-12T11:34:25.261281+00:00,2,Mandel AI,STARTUP,1.0,Y Combinator,https://www.mandel.ai/
2026-08-12T11:34:25.261294+00:00,9,Prosper,STARTUP,1.0,Y Combinator,https://www.getprosper.ai?utm_source=yc&utm_medium=directory&utm_campaign=yc_directory
2026-08-12T11:34:25.261333+00:00,80,Lio (formerly askLio),STARTUP,1.0,Y Combinator,https://www.lio.ai
2026-08-12T11:34:25.261348+00:00,50,Solve Intelligence,STARTUP,1.0,Y Combinator,https://www.solveintelligence.com/
2026-08-12T11:34:25.261358+00:00,3,Talc,STARTUP,1.0,Y Combinator,https://talc.ai
2026-08-12T11:34:25.261386+00:00,4,Synch,STARTUP,1.0,Y Combinator,https://www.withsynch.com/
2026-08-12T11:34:25.261396+00:00,3,CORE,STARTUP,1.0,Y Combinator,https://getcore.me
2026-08-12T11:34:25.261410+00:00,7,Subsets,STARTUP,1.0,Y Combinator,https://www.subsets.com
2026-08-12T11:34:25.261421+00:00,2,GreenTally,STARTUP,1.0,Y Combinator,https://www.greentally.ai
2026-08-12T11:34:25.261434+00:00,7,Spine AI,STARTUP,1.0,Y Combinator,https://www.getspine.ai
2026-08-12T11:34:25.261444+00:00,3,Baud,STARTUP,1.0,Y Combinator,https://baudlabs.ai
2026-08-12T11:34:25.261461+00:00,7,SID,STARTUP,1.0,Y Combinator,https://www.sid.ai
2026-08-12T11:34:25.261477+00:00,10,Alguna,STARTUP,1.0,Y Combinator,https://alguna.com
2026-08-12T11:34:25.261487+00:00,105,Campfire,STARTUP,1.0,Y Combinator,https://campfire.ai
2026-08-12T11:34:25.261496+00:00,2,Parea,STARTUP,1.0,Y Combinator,https://www.parea.ai
2026-08-12T11:34:25.261503+00:00,7,Venta AI,STARTUP,1.0,Y Combinator,https://www.getventa.ai
2026-08-12T11:34:25.261519+00:00,6,Punchcard,STARTUP,1.0,Y Combinator,https://www.punchcard.com
2026-08-12T11:34:25.261532+00:00,5,Bronco AI,STARTUP,1.0,Y Combinator,https://www.bronco.ai/
2026-08-12T11:34:25.261548+00:00,2,Kite,STARTUP,1.0,Y Combinator,https://kite.video
2026-08-12T11:34:25.261557+00:00,2,Obento Health,STARTUP,1.0,Y Combinator,https://www.getobento.com
2026-08-12T11:34:25.261570+00:00,4,Docsum,STARTUP,1.0,Y Combinator,https://www.docsum.ai/
2026-08-12T11:34:25.261578+00:00,2,Arcimus,STARTUP,1.0,Y Combinator,https://www.arcimus.com/
2026-08-12T11:34:25.261596+00:00,2,MICSI,STARTUP,1.0,Y Combinator,https://www.micsi.co/
2026-08-12T11:34:25.261615+00:00,6,Corgea,STARTUP,1.0,Y Combinator,https://www.corgea.com/
2026-08-12T11:34:25.261625+00:00,8,Serra,STARTUP,1.0,Y Combinator,https://www.serra.io/
2026-08-12T11:34:25.261634+00:00,30,Outset,STARTUP,1.0,Y Combinator,https://outset.ai/
2026-08-12T11:34:25.261643+00:00,2,Hegel AI,STARTUP,1.0,Y Combinator,https://hegel-ai.com
2026-08-12T11:34:25.261652+00:00,2,Shasta Health,STARTUP,1.0,Y Combinator,https://www.shasta.health
2026-08-12T11:34:25.261669+00:00,4,Health Harbor,STARTUP,1.0,Y Combinator,https://healthharbor.co/
2026-08-12T11:34:25.261678+00:00,3,Menza,STARTUP,1.0,Y Combinator,https://menza.ai/
2026-08-12T11:34:25.261690+00:00,20,FleetWorks,STARTUP,1.0,Y Combinator,https://fleetworks.ai
2026-08-12T11:34:25.261707+00:00,2,Repaint,STARTUP,1.0,Y Combinator,https://repaint.com
2026-08-12T11:34:25.261724+00:00,2,Dialtone,STARTUP,1.0,Y Combinator,https://usedialtone.com
2026-08-12T11:34:25.261741+00:00,6,Cardinal Gray,STARTUP,1.0,Y Combinator,https://www.cardinalgray.com/
2026-08-12T11:34:25.261752+00:00,10,Skyvern,STARTUP,1.0,Y Combinator,https://www.skyvern.com/
2026-08-12T11:34:25.261765+00:00,15,Decoda Health,STARTUP,1.0,Y Combinator,https://decodahealth.com/
2026-08-12T11:34:25.261775+00:00,18,Numen,STARTUP,1.0,Y Combinator,https://www.numen.com
2026-08-12T11:34:25.261785+00:00,45,VetRec,STARTUP,1.0,Y Combinator,https://vetrec.io
2026-08-12T11:34:25.261793+00:00,2,Lysto,STARTUP,1.0,Y Combinator,https://lysto.ai/
2026-08-12T11:34:25.261811+00:00,3,Epsilla,STARTUP,1.0,Y Combinator,https://www.epsilla.com/
2026-08-12T11:34:25.261822+00:00,3,Sidenote,STARTUP,1.0,Y Combinator,https://www.sidenote.ai
2026-08-12T11:34:25.261856+00:00,6,Unhaze,STARTUP,1.0,Y Combinator,https://unhaze.ai
2026-08-12T11:34:25.261869+00:00,6,Surface Labs,STARTUP,1.0,Y Combinator,https://withsurface.com
2026-08-12T11:34:25.261878+00:00,2,Egress Health,STARTUP,1.0,Y Combinator,https://tryegress.com
